CustomerId,Yearly Call Duration (in Mins),Call Count,Data Usage,Complaints,Subscription  Length,Age Group,Tariff Plan,Churn
1,4370,71,5,0,38,31-40,2,No
2,2453,60,359,0,37,31-40,1,No
3,3400,33,490,1,40,31-40,2,Yes
4,3400,33,490,1,40,31-40,2,Yes
6,2360,39,285,0,38,31-40,2,No
9,7508,127,384,1,37,21-30,2,Yes
10,5918,95,7,0,38,31-40,1,No
11,2238,54,8,0,38,31-40,1,No
12,7508,127,384,1,37,21-30,2,Yes
13,3095,27,483,0,38,31-40,2,No
15,6500,86,186,0,37,31-40,1,No
17,710,14,13,0,38,31-40,2,No
18,7508,127,384,0,37,21-30,2,No
19,11465,154,11,0,37,41-50,2,No
21,955,47,16,1,33,21-30,1,Yes
22,10435,93,1,1,36,51-60,1,No
23,5818,98,26,1,36,21-30,1,No
24,2840,22,0,0,34,31-40,2,No
25,2970,29,487,1,39,31-40,2,Yes
26,2268,44,34,1,36,31-40,1,No
27,3400,27,482,1,35,31-40,2,Yes
28,1668,25,0,0,36,31-40,1,No
29,3210,32,481,0,40,31-40,1,Yes
30,628,7,9,1,36,21-30,2,Yes
32,6965,116,271,0,34,21-30,2,No
34,1665,44,38,0,35,31-40,1,No
35,2790,27,484,0,41,31-40,1,Yes
36,1315,36,193,0,47,21-30,2,No
37,7448,124,379,0,35,21-30,2,Yes
38,3220,25,479,0,37,31-40,2,Yes
39,7508,121,376,0,32,21-30,1,Yes
40,1225,32,19,0,45,21-30,1,No
41,7203,121,377,0,35,21-30,2,Yes
42,7428,125,374,0,33,21-30,1,Yes
43,6393,141,85,0,47,21-30,2,No
44,7928,139,423,0,40,31-40,1,Yes
45,2853,45,31,0,46,31-40,2,No
47,3015,25,473,0,34,31-40,1,Yes
48,2915,19,472,1,35,31-40,2,Yes
51,2453,61,7,0,40,21-30,2,No
52,3835,85,37,0,40,31-40,2,No
54,9175,124,149,0,39,31-40,1,No
55,13833,172,5,0,40,31-40,1,No
56,4575,86,7,0,40,31-40,2,No
58,2298,57,13,0,40,31-40,2,No
61,15545,185,155,0,39,21-30,1,No
62,7913,132,385,1,36,21-30,2,Yes
63,935,17,5,0,39,21-30,2,No
64,770,17,18,0,40,31-40,2,No
66,11525,157,16,0,39,41-50,1,No
67,6778,78,113,0,39,21-30,2,No
68,1015,50,21,1,35,31-40,1,No
69,10495,96,6,1,38,51-60,2,No
70,5878,101,31,0,38,21-30,1,No
71,2900,25,5,0,36,31-40,1,No
72,2730,18,471,1,34,31-40,2,Yes
73,2328,47,39,1,38,31-40,2,No
74,1728,28,5,0,38,41-50,2,No
75,6845,100,19,0,35,51-60,2,No
76,7123,119,367,1,31,21-30,1,Yes
79,3778,85,7,0,38,31-40,2,No
81,2710,19,466,1,32,31-40,1,Yes
82,1375,39,198,0,39,31-40,1,No
83,2690,22,465,1,39,31-40,2,Yes
84,7023,113,366,1,32,21-30,1,Yes
85,885,13,26,0,48,41-50,2,No
86,1285,35,24,0,38,21-30,1,No
87,3285,64,13,0,37,31-40,2,No
88,1755,29,33,0,20,21-30,1,No
89,6453,144,90,0,39,21-30,1,No
90,3285,27,458,1,39,31-40,1,Yes
91,6908,117,363,0,37,21-30,2,Yes
92,4450,43,220,0,42,31-40,1,No
93,1548,22,5,1,33,31-40,2,No
95,7873,136,396,1,41,31-40,1,Yes
96,7633,125,380,1,36,31-40,1,Yes
97,2333,55,0,0,36,16-20,1,No
98,3500,32,484,1,37,31-40,2,Yes
99,2300,36,280,0,36,31-40,2,No
101,13713,166,0,0,36,31-40,2,No
102,7103,122,366,1,38,31-40,1,Yes
103,7143,118,372,1,33,21-30,2,Yes
104,2178,51,3,1,36,31-40,1,No
107,15425,179,145,0,35,21-30,2,No
111,2393,57,354,1,35,21-30,1,Yes
112,11405,151,6,0,35,31-40,2,No
113,6658,72,103,0,35,21-30,2,No
115,2148,54,352,1,35,21-30,2,Yes
118,2930,38,4,0,33,21-30,2,No
119,2208,41,29,1,34,31-40,2,No
120,1608,22,0,0,34,31-40,1,No
121,2148,54,352,1,35,21-30,2,Yes
122,568,4,4,0,34,41-50,2,No
123,2148,54,352,1,35,21-30,2,Yes
124,6905,113,266,0,42,21-30,2,No
125,3658,79,0,0,34,21-30,2,No
126,1605,41,33,0,33,31-40,2,No
128,1255,33,188,0,45,21-30,1,No
129,1508,36,25,0,44,41-50,1,No
131,765,7,16,1,44,41-50,2,No
132,2568,66,391,1,38,31-40,2,Yes
133,3165,58,3,0,33,31-40,2,No
134,1635,23,23,0,46,21-30,1,No
135,6333,138,80,0,45,16-20,2,No
136,2148,48,344,1,30,21-30,2,Yes
137,2793,42,26,0,44,31-40,2,No
139,1428,16,0,0,35,31-40,1,No
140,4450,73,15,0,42,31-40,2,No
141,2533,62,369,0,41,31-40,2,No
142,4278,68,11,0,42,16-20,1,No
143,2473,60,12,0,42,21-30,2,No
145,2440,41,295,0,42,31-40,2,No
146,9195,123,154,0,41,31-40,2,No
147,3053,70,380,1,37,31-40,1,Yes
148,4595,85,12,0,42,31-40,2,No
150,2318,56,18,0,42,31-40,1,No
151,15220,227,64,0,42,31-40,2,No
153,15565,184,160,0,41,21-30,1,No
154,6580,88,196,0,41,31-40,2,No
157,7588,129,394,0,41,31-40,1,No
158,2748,64,373,1,35,21-30,2,Yes
159,6798,77,118,0,41,21-30,1,No
160,1035,49,26,1,37,31-40,1,Yes
161,10515,95,11,1,40,21-30,1,Yes
162,5898,100,36,0,40,21-30,2,No
164,3070,43,19,0,39,31-40,2,No
166,2938,74,377,0,42,31-40,2,Yes
169,2228,56,362,1,39,21-30,2,Yes
171,16155,240,10,0,35,21-30,1,No
173,3798,84,12,0,40,31-40,1,No
175,2860,55,185,0,40,21-30,1,No
176,2713,70,374,0,43,31-40,1,Yes
177,1648,41,40,0,30,41-50,2,No
178,7145,124,282,0,37,21-30,1,Yes
180,1305,34,29,0,39,21-30,2,No
182,1775,28,38,0,32,21-30,2,No
183,2633,68,370,0,40,31-40,1,Yes
184,1743,49,334,1,36,21-30,1,Yes
185,2758,66,366,1,39,31-40,1,Yes
186,2453,66,367,1,42,31-40,1,Yes
187,1568,21,10,0,43,31-40,2,No
188,2408,64,367,1,41,31-40,2,Yes
189,2373,58,349,1,33,21-30,1,Yes
191,7210,119,273,1,34,21-30,1,Yes
192,3695,80,22,0,34,31-40,2,No
194,9035,119,134,0,33,31-40,2,No
195,13693,167,0,0,34,31-40,1,No
196,4435,81,0,0,34,31-40,1,No
197,15600,188,182,1,38,21-30,2,Yes
199,15060,223,44,0,34,31-40,1,No
200,15970,196,168,1,42,21-30,1,Yes
201,15405,180,140,0,33,21-30,1,No
202,6420,84,176,0,33,31-40,2,No
203,795,12,0,0,33,21-30,2,No
204,630,12,3,0,34,21-30,2,No
205,15980,189,166,1,39,21-30,2,Yes
206,16195,193,158,1,38,21-30,2,Yes
208,875,45,6,0,39,21-30,1,No
210,5738,96,16,1,42,21-30,2,No
211,2760,20,0,0,30,31-40,2,No
212,2910,39,0,1,41,31-40,2,No
213,2188,42,24,0,42,31-40,2,No
214,6560,111,253,1,35,21-30,2,Yes
215,7330,125,283,1,38,31-40,1,Yes
216,15995,236,0,0,37,21-30,2,No
217,6885,114,261,1,30,21-30,1,Yes
218,3638,80,0,0,42,21-30,1,No
219,1585,42,28,0,41,31-40,2,No
220,2700,51,165,0,42,21-30,2,No
222,1488,37,20,0,32,41-50,2,No
223,620,23,0,0,33,21-30,2,No
224,1145,30,9,0,41,21-30,2,No
225,7270,122,278,1,36,31-40,1,Yes
226,1615,24,18,0,44,21-30,2,No
228,8853,169,63,0,36,41-50,1,No
229,15890,187,151,0,36,21-30,1,Yes
231,1408,17,0,0,38,31-40,2,No
234,15120,173,138,0,33,21-30,2,Yes
236,2620,49,300,0,44,31-40,1,Yes
237,4035,92,47,0,44,31-40,1,No
238,2655,43,299,0,36,31-40,1,Yes
239,15225,172,135,0,31,21-30,1,Yes
240,14033,179,15,0,44,31-40,2,No
242,2665,45,292,0,40,31-40,1,Yes
243,2498,64,23,1,44,31-40,2,No
245,3355,37,498,0,44,31-40,1,No
246,15745,192,165,1,43,21-30,2,Yes
247,15675,182,125,0,38,21-30,1,Yes
249,970,24,28,0,44,31-40,2,No
250,2235,41,289,0,39,31-40,1,Yes
251,7768,137,399,0,43,31-40,2,No
252,11725,164,26,0,43,41-50,2,No
254,1215,57,31,1,39,31-40,2,No
255,2245,34,287,0,36,31-40,2,Yes
256,15370,176,118,1,36,21-30,2,Yes
257,3250,51,24,1,41,31-40,2,No
258,2528,54,49,1,42,41-50,2,No
259,2405,35,277,1,34,31-40,1,Yes
260,1928,35,15,0,42,41-50,2,No
261,2263,60,384,0,36,31-40,2,Yes
262,888,17,24,0,42,41-50,2,No
263,598,14,19,0,42,51-60,2,No
264,14470,165,118,1,34,21-30,2,Yes
265,7225,126,286,1,40,31-40,1,Yes
266,3978,92,17,0,42,31-40,2,No
267,1925,54,53,0,41,31-40,1,No
268,3040,63,190,0,42,21-30,1,No
269,1575,46,208,0,33,31-40,1,No
270,1828,49,45,0,42,51-60,1,No
272,1085,20,36,0,42,41-50,2,No
274,3485,71,23,0,41,31-40,2,No
275,1955,36,43,0,34,31-40,2,No
279,4650,50,230,0,45,31-40,2,No
280,1748,29,15,1,45,31-40,2,No
282,2180,31,274,1,35,31-40,2,Yes
283,2193,50,344,0,41,21-30,2,No
284,1995,30,273,1,34,31-40,2,Yes
285,2100,29,270,1,32,31-40,1,Yes
286,3515,72,17,0,42,21-30,2,No
287,7405,102,214,1,39,31-40,2,Yes
289,1760,29,264,1,38,31-40,2,Yes
290,1650,28,260,1,37,31-40,2,Yes
292,14880,215,39,0,42,31-40,1,No
293,2835,17,468,0,42,31-40,1,No
294,6310,86,211,1,36,31-40,2,Yes
297,6995,93,202,1,39,31-40,1,Yes
299,11205,144,0,0,41,31-40,2,No
300,4470,42,225,1,13,31-40,1,Yes
301,695,37,1,1,27,21-30,2,Yes
302,10175,83,0,0,30,41-50,1,No
305,2730,31,0,0,37,21-30,1,No
306,2008,34,19,1,30,31-40,1,Yes
307,6760,96,201,1,43,31-40,1,Yes
308,6525,87,0,0,37,41-50,1,No
309,15815,228,0,0,35,21-30,2,No
310,6705,106,256,0,38,21-30,1,No
311,3458,72,0,0,30,21-30,1,No
312,1405,34,23,0,39,31-40,2,No
314,440,15,0,0,41,21-30,2,No
315,6865,95,198,1,41,31-40,2,Yes
316,2965,51,0,0,39,31-40,1,No
317,1435,16,13,0,39,21-30,2,No
318,6133,131,70,0,40,16-20,2,No
319,8673,161,58,0,41,41-50,2,No
321,4130,30,200,0,33,31-40,2,No
324,4345,44,223,1,13,31-40,1,Yes
325,1940,27,246,0,35,31-40,1,Yes
326,4378,74,12,0,41,16-20,1,No
327,6680,94,197,0,40,31-40,2,Yes
328,3955,90,43,0,41,31-40,1,No
329,2540,47,296,0,41,31-40,2,No
330,9295,129,155,0,40,31-40,1,No
333,6098,103,18,0,41,31-40,1,No
334,2418,62,19,0,41,31-40,1,No
337,6690,87,195,0,37,31-40,2,Yes
340,6805,92,193,1,39,31-40,2,Yes
341,7688,135,395,0,40,21-30,2,No
342,11645,162,22,0,40,41-50,1,No
343,6898,83,119,0,40,21-30,1,No
344,1135,55,27,1,36,21-30,1,No
346,5998,106,37,0,39,21-30,1,No
350,1848,33,11,0,39,31-40,1,No
351,6965,105,25,0,36,51-60,2,No
353,518,12,15,0,39,51-60,2,No
356,1845,52,49,0,38,31-40,2,No
358,1495,44,204,1,30,21-30,2,No
360,1005,18,32,0,47,41-50,2,No
362,3405,69,19,0,48,31-40,2,No
363,6573,149,96,0,20,21-30,2,No
364,6500,92,194,1,42,31-40,2,Yes
365,8925,121,169,1,36,31-40,1,Yes
367,6455,90,194,0,41,31-40,2,Yes
370,2213,50,0,0,35,16-20,1,No
371,3595,74,21,0,35,31-40,2,No
372,1125,36,218,0,26,21-30,2,Yes
373,8935,113,133,0,34,31-40,2,No
374,13593,161,0,0,35,31-40,2,No
375,4335,75,0,0,35,31-40,1,No
376,5738,87,0,0,35,31-40,2,No
377,2058,46,0,0,35,31-40,2,No
378,14960,217,43,0,35,31-40,2,No
379,6560,89,191,0,39,31-40,2,Yes
380,15305,174,139,0,34,21-30,1,No
381,6320,78,175,0,34,31-40,2,No
383,2590,53,200,0,35,21-30,1,Yes
384,7328,119,373,0,34,21-30,1,No
386,6538,67,97,0,34,21-30,2,No
388,10255,85,0,0,33,51-60,2,No
389,5638,90,15,1,33,21-30,1,No
390,2660,14,0,0,41,31-40,2,No
391,2810,33,0,0,42,31-40,2,No
392,2088,36,23,1,33,31-40,1,No
394,1488,17,0,0,33,31-40,1,No
395,6605,89,3,0,30,51-60,1,No
396,6805,86,185,0,34,31-40,1,Yes
397,6385,81,188,0,35,31-40,2,Yes
398,15895,230,0,0,48,21-30,1,No
399,6785,108,260,0,41,21-30,2,No
400,6275,82,189,1,39,31-40,2,Yes
402,6725,90,183,1,35,31-40,2,Yes
403,1388,31,19,0,45,41-50,1,No
404,520,17,0,0,43,21-30,2,No
405,1045,24,8,0,44,21-30,2,No
406,6615,91,184,1,39,31-40,1,Yes
407,15560,237,93,1,41,31-40,1,Yes
409,2673,37,20,0,43,31-40,2,No
411,1308,11,0,0,40,31-40,2,No
412,4970,81,26,0,38,31-40,2,No
413,3200,65,214,1,39,31-40,2,Yes
414,3145,62,187,1,40,21-30,2,Yes
415,4798,76,22,0,38,16-20,2,No
417,4375,92,53,0,38,31-40,2,No
419,9715,131,165,0,37,31-40,2,No
420,14373,179,21,0,38,31-40,1,No
421,5115,93,23,0,38,31-40,1,No
422,1395,38,203,1,31,21-30,1,Yes
423,2838,64,29,0,38,31-40,1,No
424,15740,235,75,0,38,31-40,2,No
425,3695,37,504,1,38,31-40,1,Yes
426,16085,192,171,0,37,21-30,1,No
427,7100,96,207,0,37,31-40,1,No
428,9115,127,152,0,42,31-40,2,Yes
429,6545,82,178,0,33,31-40,1,Yes
431,8108,137,405,0,37,31-40,2,No
432,12065,164,32,0,37,41-50,1,No
433,2220,52,221,0,29,31-40,1,Yes
434,1555,57,37,1,33,31-40,1,Yes
435,6195,80,179,0,35,31-40,2,Yes
436,6418,108,47,0,36,21-30,2,No
437,15255,231,86,0,39,31-40,2,Yes
439,2868,54,55,1,36,31-40,1,No
440,733,12,21,0,36,31-40,2,No
441,9360,124,146,0,37,31-40,2,Yes
442,7385,107,35,0,33,51-60,2,No
443,3085,59,182,0,38,21-30,2,Yes
444,938,14,25,0,36,51-60,1,No
445,16675,248,21,0,41,21-30,2,No
447,4318,92,23,0,36,31-40,2,No
449,1430,42,225,1,28,31-40,2,Yes
450,1915,46,214,0,41,21-30,1,No
451,2168,49,51,0,42,41-50,2,No
453,9000,116,146,1,35,31-40,1,Yes
455,3825,71,29,0,29,31-40,1,No
456,2295,36,49,0,48,21-30,1,No
457,8890,117,147,1,39,31-40,1,Yes
458,9533,181,94,0,45,51-60,2,No
459,3453,55,52,0,46,31-40,1,No
460,4990,50,236,0,39,31-40,2,No
461,3770,61,0,0,38,21-30,2,No
462,1853,50,338,0,37,21-30,2,No
463,2840,56,180,1,38,21-30,2,Yes
465,6205,82,172,1,39,31-40,1,Yes
466,6240,76,171,1,31,31-40,2,Yes
467,1200,31,195,1,25,21-30,1,Yes
468,16155,242,69,1,41,31-40,1,Yes
469,5318,85,0,0,38,21-30,2,No
470,1638,44,0,0,38,31-40,1,No
472,2495,17,462,0,38,31-40,2,No
474,5900,76,165,0,37,31-40,1,No
475,2330,53,208,1,30,31-40,1,Yes
476,14950,225,79,1,37,31-40,1,Yes
477,6118,65,87,0,37,21-30,1,No
478,9835,83,0,0,36,41-50,1,No
479,5218,88,5,1,36,21-30,2,No
480,2240,12,0,0,34,31-40,2,No
481,2390,31,0,0,35,31-40,1,No
483,15625,239,72,1,43,31-40,1,Yes
484,6185,87,0,0,33,41-50,1,No
485,9160,117,136,0,33,31-40,1,Yes
487,3118,72,0,0,36,21-30,2,No
489,2180,43,154,0,36,21-30,2,No
492,2780,53,175,0,36,21-30,2,Yes
494,7318,85,129,0,37,21-30,2,Yes
495,3005,57,172,0,34,21-30,1,Yes
496,5793,131,64,0,47,16-20,2,No
497,8333,161,52,0,45,41-50,1,No
499,888,9,0,1,44,31-40,1,No
500,8810,115,137,0,35,31-40,2,Yes
501,433,11,39,0,40,31-40,2,No
502,4313,72,33,0,39,16-20,2,No
503,8925,120,135,0,37,31-40,1,Yes
505,5935,70,164,0,29,31-40,2,Yes
506,9230,127,176,0,38,31-40,1,No
507,7203,89,126,0,42,21-30,2,Yes
510,2353,60,40,1,39,31-40,2,No
511,1315,30,185,1,22,21-30,2,Yes
513,2025,47,201,1,28,31-40,1,Yes
514,6615,92,218,0,38,31-40,1,No
515,990,20,32,0,38,21-30,2,No
516,825,20,45,0,39,31-40,2,No
517,7623,133,416,0,38,31-40,2,No
519,6833,81,140,0,38,21-30,2,No
521,10550,99,33,0,37,51-60,1,No
522,5933,104,58,0,37,31-40,1,No
523,2955,28,32,0,35,31-40,2,No
524,3105,47,41,1,36,31-40,1,Yes
525,2383,50,66,0,37,41-50,2,No
526,7213,82,124,1,39,21-30,2,Yes
527,6900,103,46,0,34,51-60,2,No
528,743,13,41,0,37,41-50,2,No
531,7080,122,303,0,35,31-40,1,No
532,3833,88,34,0,37,31-40,2,No
533,1780,50,70,0,36,41-50,1,No
535,8750,112,132,1,33,31-40,1,Yes
536,1683,45,62,0,43,51-60,2,No
538,15320,233,65,1,41,31-40,1,Yes
539,1340,38,51,0,42,21-30,1,No
540,2825,49,167,1,32,21-30,2,Yes
541,1810,32,60,0,39,31-40,1,No
544,2968,51,63,0,47,31-40,2,No
545,4505,46,247,0,30,31-40,1,No
546,2780,51,324,1,41,21-30,1,Yes
549,4083,60,0,0,37,16-20,1,No
550,2780,47,167,1,31,21-30,1,Yes
551,5790,75,161,1,36,31-40,1,Yes
552,2245,33,253,0,37,31-40,1,No
554,8820,117,130,1,39,31-40,2,Yes
556,5803,89,0,0,37,21-30,2,No
557,2123,48,0,0,37,31-40,2,No
558,15025,219,22,0,37,31-40,2,No
559,2980,21,451,0,37,31-40,2,No
560,1135,28,182,1,24,21-30,2,Yes
562,15445,231,61,1,40,31-40,2,Yes
563,2475,47,168,0,34,21-30,1,Yes
564,7393,121,352,0,36,21-30,2,No
565,2475,47,168,0,34,21-30,1,Yes
566,6603,69,76,0,36,21-30,2,No
567,840,41,0,0,42,21-30,1,No
569,5703,92,0,1,35,21-30,1,No
571,2875,35,0,1,34,21-30,1,Yes
573,1553,19,0,0,35,31-40,1,No
574,2475,47,168,0,34,21-30,2,Yes
577,15960,232,0,0,30,21-30,2,No
578,6850,110,239,0,33,21-30,1,No
580,3265,55,313,0,40,21-30,1,Yes
581,2665,47,143,0,35,21-30,2,No
582,1200,30,161,0,41,21-30,2,No
583,1453,33,0,0,35,41-50,1,No
584,8730,113,127,0,31,31-40,1,Yes
585,710,4,0,0,35,41-50,2,No
586,16640,254,22,0,39,21-30,2,Yes
588,2600,45,164,0,33,21-30,1,Yes
589,6278,135,53,0,46,16-20,2,No
590,2475,45,317,0,39,21-30,2,Yes
591,2738,39,0,0,45,31-40,1,No
592,4275,34,183,0,41,31-40,1,No
594,4560,72,14,0,38,31-40,2,No
595,508,6,16,0,39,21-30,1,No
598,6797,146,86,0,16,16-20,1,Yes
599,3965,83,41,0,38,31-40,2,No
600,2550,40,294,0,38,31-40,2,No
601,9305,122,153,0,37,31-40,2,No
603,4705,84,11,0,38,31-40,2,No
604,6108,96,16,0,38,31-40,1,No
606,15330,226,63,0,38,31-40,2,No
607,3285,28,492,0,38,31-40,1,No
608,15675,183,159,0,37,21-30,2,No
609,1055,26,178,1,21,21-30,2,Yes
610,1065,15,9,0,37,21-30,2,No
611,900,15,22,0,38,31-40,1,No
612,17090,255,15,1,34,21-30,2,Yes
614,11655,155,20,0,37,41-50,2,No
615,6908,76,117,0,37,21-30,2,No
616,1145,48,25,1,33,21-30,2,No
618,6008,99,35,0,36,21-30,2,No
619,3030,23,9,0,34,31-40,2,No
620,910,31,175,0,28,21-30,2,Yes
621,2458,45,43,1,36,31-40,2,Yes
622,1858,26,9,0,36,31-40,1,No
623,1010,24,178,1,20,21-30,1,Yes
625,15015,227,58,1,39,31-40,1,Yes
626,6697,141,84,1,14,16-20,2,Yes
629,8515,111,123,1,37,31-40,2,Yes
630,2970,54,184,0,36,21-30,1,No
631,1505,37,202,1,27,21-30,2,No
632,1758,40,39,0,36,41-50,2,No
633,890,26,19,0,27,21-30,2,No
634,2520,43,160,1,30,21-30,2,Yes
635,1415,33,28,0,35,21-30,2,No
636,930,28,176,1,21,21-30,2,Yes
637,1885,27,37,0,48,21-30,2,No
638,6582,142,94,0,47,21-30,1,No
641,4580,41,224,0,43,31-40,2,No
643,4180,70,0,0,38,31-40,2,No
644,2263,59,350,0,37,31-40,1,No
645,820,29,177,1,25,21-30,1,Yes
647,3585,81,23,0,38,31-40,1,No
648,2170,38,276,0,38,31-40,1,No
652,5728,94,0,0,38,31-40,1,No
653,2048,53,0,0,38,31-40,2,No
655,2905,26,474,0,38,31-40,1,No
656,15295,181,141,0,37,21-30,2,No
657,6310,85,177,0,37,31-40,2,No
658,685,13,0,0,37,21-30,1,No
659,520,13,4,0,38,31-40,1,No
660,7318,126,375,0,37,21-30,2,No
661,11275,153,2,0,37,41-50,2,No
662,6528,74,99,0,37,21-30,2,No
663,765,46,7,0,33,21-30,1,No
664,10245,92,0,0,36,51-60,1,No
665,5628,97,17,0,36,21-30,2,No
666,2650,21,0,0,34,31-40,1,No
667,2800,40,0,1,35,31-40,2,No
669,16335,248,15,1,37,21-30,2,Yes
670,1903,20,165,0,25,21-30,2,Yes
672,16570,245,16,0,33,21-30,1,Yes
673,6775,115,262,1,34,21-30,2,Yes
677,1125,35,184,0,27,21-30,2,No
680,635,9,12,0,46,41-50,1,No
681,1035,31,10,0,45,21-30,2,No
684,1505,36,168,1,28,21-30,1,Yes
685,8742,170,64,0,45,41-50,1,No
686,2662,44,22,0,46,31-40,1,No
687,4200,39,206,0,45,31-40,2,No
693,1430,41,191,1,29,31-40,2,Yes
697,2285,46,159,1,34,21-30,2,Yes
698,5918,89,0,0,33,21-30,2,No
699,2238,48,0,1,33,31-40,1,No
701,3095,21,475,1,33,31-40,2,Yes
703,6500,80,178,0,42,31-40,2,No
704,1440,34,189,1,26,31-40,1,Yes
706,2295,39,157,1,31,21-30,1,Yes
707,16370,242,14,1,29,21-30,1,Yes
708,6718,69,100,0,42,21-30,1,No
711,5818,92,18,0,41,21-30,2,No
712,2840,16,0,0,29,31-40,2,No
714,2268,38,26,1,41,31-40,2,No
715,1668,19,0,0,41,31-40,1,No
716,6785,91,6,0,28,41-50,1,No
717,628,1,1,0,41,41-50,2,No
719,6965,110,263,0,29,21-30,2,No
720,3718,76,0,0,41,21-30,2,No
721,1665,38,30,0,30,31-40,2,No
722,16440,247,12,1,35,21-30,2,Yes
723,6593,77,112,1,38,21-30,1,Yes
725,7023,75,107,1,34,21-30,1,Yes
726,825,4,13,0,41,41-50,2,No
728,6493,71,111,1,39,21-30,1,Yes
731,8932,165,65,0,48,41-50,2,No
732,6718,75,108,1,37,21-30,1,Yes
733,6833,80,106,0,39,21-30,2,Yes
735,16265,239,9,0,31,21-30,1,Yes
736,16380,244,7,0,33,21-30,1,Yes
739,6843,73,104,0,36,21-30,2,Yes
740,3775,88,40,0,43,31-40,1,No
741,2360,45,293,0,43,41-50,2,No
742,16265,238,7,0,32,21-30,1,Yes
743,13773,175,8,0,43,31-40,1,No
745,5918,101,15,0,43,31-40,2,No
747,15140,231,62,0,43,31-40,1,No
748,3095,33,491,0,43,41-50,2,No
749,15485,188,158,0,42,21-30,2,No
750,6087,135,78,0,15,16-20,2,Yes
752,710,20,21,0,43,31-40,2,No
753,6887,148,101,0,19,21-30,1,Yes
754,7508,133,392,0,42,31-40,2,No
755,2070,42,150,0,35,21-30,2,Yes
756,6718,81,116,0,42,21-30,2,No
757,955,53,24,1,38,31-40,2,No
758,10435,99,9,0,41,51-60,2,No
760,2840,28,8,0,39,31-40,2,No
763,16120,234,7,1,27,21-30,2,Yes
764,1668,31,8,0,41,41-50,1,No
765,6785,103,22,0,38,51-60,1,No
767,16075,244,8,0,36,21-30,1,No
768,6965,122,279,0,39,31-40,2,No
769,3718,88,10,0,41,31-40,1,No
770,1665,50,46,0,40,41-50,2,No
771,2780,59,183,0,41,21-30,2,No
772,1315,42,201,1,42,31-40,1,No
773,1568,45,38,0,41,51-60,2,No
774,700,31,18,0,42,31-40,2,No
775,825,16,29,0,41,41-50,1,No
777,6697,153,100,1,24,21-30,2,Yes
778,1695,32,36,0,43,31-40,2,No
782,4390,46,223,0,44,31-40,1,No
783,1487,25,8,1,14,31-40,1,Yes
785,1028,16,15,0,40,31-40,2,No
786,3163,71,367,0,38,31-40,2,No
788,3103,69,10,0,39,21-30,1,No
789,6758,150,97,1,21,21-30,1,Yes
790,3070,50,293,0,39,31-40,2,No
792,14483,180,8,0,39,31-40,2,No
794,6628,106,15,0,39,31-40,2,No
796,15850,236,62,1,39,31-40,2,No
797,3805,38,491,0,39,31-40,2,No
798,14645,218,38,1,36,31-40,1,Yes
800,7102,152,93,1,18,21-30,1,Yes
801,1420,25,21,0,39,31-40,2,No
802,14720,213,15,1,35,21-30,2,Yes
803,8218,138,392,0,38,31-40,2,No
804,12175,165,19,0,38,41-50,1,No
806,1665,58,24,1,34,31-40,2,No
808,6528,109,34,0,37,21-30,1,No
809,3550,33,8,0,35,31-40,2,No
810,3700,52,17,1,36,31-40,2,No
811,2978,55,42,1,37,31-40,2,No
813,2378,36,8,0,37,41-50,1,No
814,7495,108,22,0,34,51-60,2,No
816,1048,15,12,0,37,51-60,2,No
817,16785,249,8,1,32,21-30,2,Yes
818,7675,127,279,1,35,31-40,1,No
819,4428,93,10,0,37,31-40,2,No
820,2375,55,46,0,36,31-40,2,No
822,2278,50,38,0,27,41-50,2,No
823,15850,234,3,1,33,21-30,1,Yes
824,1535,21,29,0,27,41-50,1,No
826,16015,235,0,1,29,21-30,1,Yes
827,15885,237,0,0,31,21-30,1,Yes
830,1765,36,143,0,33,21-30,1,Yes
831,2197,30,8,0,42,31-40,1,No
832,3660,60,0,0,37,21-30,2,No
833,6697,147,92,0,19,21-30,1,Yes
834,3488,55,0,0,37,16-20,1,No
835,6353,66,96,0,33,21-30,1,Yes
837,15770,232,0,0,29,21-30,2,Yes
838,8405,110,119,0,36,31-40,1,No
839,13063,158,0,0,37,31-40,2,No
840,15770,226,0,0,24,21-30,2,Yes
841,5208,84,0,0,37,21-30,2,No
842,1528,43,0,0,37,31-40,1,No
843,14430,214,29,0,37,31-40,1,No
844,2385,16,458,0,37,31-40,1,No
845,14775,171,125,0,36,21-30,1,No
846,15690,230,0,0,25,21-30,2,Yes
848,15590,224,0,0,26,21-30,1,Yes
849,6798,116,359,0,36,21-30,1,No
850,6413,63,93,0,30,21-30,2,Yes
851,15510,222,0,1,23,21-30,1,Yes
852,9725,82,0,0,35,41-50,1,No
853,5108,87,1,0,35,21-30,2,No
854,2130,11,0,0,33,31-40,2,No
858,958,14,0,0,35,31-40,1,No
860,6255,105,246,0,33,21-30,1,No
862,955,33,13,0,34,31-40,1,No
863,15365,227,0,1,30,21-30,2,Yes
864,605,25,168,0,40,21-30,2,No
865,858,28,5,0,40,41-50,2,No
867,6313,70,90,1,38,21-30,2,Yes
868,15170,222,0,1,29,21-30,2,Yes
871,2142,34,6,0,45,31-40,1,No
872,6438,137,77,1,13,21-30,2,Yes
873,777,8,0,0,33,31-40,1,No
874,4370,71,5,0,38,31-40,2,No
875,2453,60,359,0,37,31-40,2,No
877,2393,58,2,0,38,16-20,1,No
878,3775,82,32,0,38,31-40,1,No
879,2360,39,285,0,38,31-40,1,No
880,9115,121,144,0,37,31-40,1,No
882,13888,175,32,0,39,31-40,2,Yes
883,15060,221,0,0,28,21-30,2,Yes
884,2238,54,8,1,38,31-40,2,No
885,15140,225,54,0,38,31-40,1,No
886,3095,27,483,1,38,31-40,2,Yes
887,15485,182,150,1,37,21-30,2,Yes
888,6500,86,186,0,37,31-40,1,No
889,6392,141,85,0,17,21-30,1,Yes
890,710,14,13,0,38,31-40,2,No
891,14788,186,15,0,41,31-40,2,Yes
892,11465,154,11,0,37,41-50,2,No
893,6718,75,108,0,37,21-30,2,No
894,14258,183,18,0,43,31-40,1,Yes
896,5818,98,26,0,36,21-30,2,No
897,2840,22,0,0,34,31-40,2,No
898,2990,41,9,1,35,31-40,1,Yes
899,6008,64,83,1,36,21-30,2,Yes
900,13963,169,7,1,39,31-40,2,Yes
904,16075,238,0,0,41,21-30,1,No
907,1665,44,38,0,35,31-40,2,No
908,2780,53,175,0,36,21-30,1,No
911,14268,176,16,1,40,31-40,2,Yes
912,825,10,21,0,46,41-50,1,No
913,1225,32,19,0,48,21-30,2,No
914,6202,140,76,1,17,21-30,2,Yes
916,6392,141,85,0,47,21-30,2,No
917,13853,171,10,1,42,31-40,2,Yes
918,2852,45,31,0,46,31-40,2,No
919,4390,40,215,0,34,31-40,1,No
921,4370,71,5,0,38,31-40,2,No
922,2453,60,359,1,37,31-40,1,Yes
923,13998,173,7,1,36,31-40,1,Yes
924,9228,175,87,1,13,21-30,2,Yes
925,13658,163,0,1,37,31-40,2,Yes
926,2360,39,285,0,38,31-40,2,No
927,9115,121,144,0,37,31-40,1,No
928,13773,169,0,0,38,31-40,2,No
929,4515,83,2,0,38,31-40,2,No
931,2238,54,8,1,38,31-40,2,Yes
932,15140,225,54,0,38,31-40,1,No
933,3095,27,483,1,38,31-40,2,Yes
934,15485,182,150,0,37,21-30,1,No
935,6500,86,186,0,37,31-40,1,No
936,13583,168,0,1,38,31-40,2,Yes
938,13513,159,0,1,32,31-40,1,Yes
939,13468,163,0,1,36,31-40,2,Yes
942,955,47,16,1,33,21-30,1,No
944,5818,98,26,1,36,21-30,1,No
946,2990,41,9,0,35,31-40,1,No
947,11465,148,3,0,32,31-40,1,Yes
948,11160,148,4,0,35,31-40,2,Yes
950,628,7,9,0,36,41-50,2,No
951,11385,152,1,0,33,31-40,1,Yes
953,6965,116,271,0,34,21-30,2,No
954,6078,108,41,0,42,21-30,2,Yes
955,1665,44,38,0,35,31-40,1,No
956,2780,53,175,0,36,21-30,2,No
957,1315,36,193,0,27,21-30,2,No
958,1568,39,30,0,46,41-50,2,No
961,1225,32,19,0,41,21-30,1,No
962,3225,61,8,0,41,31-40,2,No
963,11350,148,0,0,36,31-40,1,Yes
964,6113,102,40,1,34,21-30,1,Yes
966,6213,99,21,1,36,21-30,2,Yes
967,4390,40,215,0,35,31-40,2,No
968,1487,19,0,1,37,31-40,2,No
970,11100,145,0,1,33,31-40,1,Yes
971,3893,60,0,0,36,16-20,2,No
972,11080,146,0,1,31,31-40,1,Yes
973,3470,76,25,0,36,21-30,1,No
975,8810,115,137,0,35,31-40,2,No
976,10970,147,0,1,35,31-40,1,Yes
977,4210,77,0,0,36,31-40,1,No
979,1933,48,1,0,36,31-40,2,No
981,2790,21,476,0,36,31-40,1,No
982,15180,176,143,0,35,21-30,1,No
984,570,8,0,0,35,21-30,2,No
985,9113,179,84,1,18,21-30,1,Yes
986,7203,121,377,0,35,21-30,2,No
988,6413,69,101,0,35,21-30,1,No
989,650,41,9,0,41,21-30,2,No
991,5513,92,19,1,34,21-30,2,No
992,2535,16,0,0,42,31-40,1,No
994,1963,38,27,0,34,31-40,2,No
995,6338,107,46,1,41,31-40,1,Yes
997,10900,138,0,1,29,31-40,2,Yes
998,6660,110,264,0,42,21-30,2,No
999,3413,76,0,0,34,21-30,2,No
1000,1360,38,31,0,33,31-40,1,No
1001,10865,144,0,1,37,31-40,1,Yes
1003,1263,33,23,0,35,41-50,1,No
1004,10755,143,0,1,36,31-40,2,Yes
1005,920,26,12,0,33,21-30,1,No
1006,2920,55,1,0,40,31-40,1,No
1007,1390,20,21,0,46,21-30,2,No
1009,8888,175,81,1,19,21-30,2,Yes
1010,6123,104,33,1,38,21-30,1,Yes
1012,1183,13,0,1,38,21-30,2,No
1013,4125,68,3,0,38,21-30,1,No
1014,2208,57,357,0,37,21-30,2,No
1015,6123,104,33,1,38,21-30,1,Yes
1016,11885,166,50,0,40,21-30,2,Yes
1018,2115,36,283,0,38,31-40,2,No
1021,4270,80,0,0,38,31-40,2,No
1022,5673,92,5,0,38,21-30,1,No
1023,10450,137,0,0,34,31-40,1,Yes
1024,14895,222,52,0,38,31-40,2,No
1026,15240,179,148,0,37,21-30,1,No
1027,6255,83,184,0,37,31-40,2,No
1029,9337,176,74,0,14,21-30,2,Yes
1030,5773,102,34,0,40,21-30,2,Yes
1031,7263,124,382,0,37,21-30,1,No
1032,6823,111,35,0,40,31-40,1,Yes
1033,6473,72,106,0,37,21-30,1,No
1036,5573,95,24,1,36,21-30,2,No
1037,2595,19,0,0,34,31-40,1,No
1038,2745,38,7,0,35,31-40,2,No
1039,2023,41,32,1,36,31-40,2,No
1040,6123,110,41,0,43,31-40,1,Yes
1041,6540,94,12,0,33,41-50,2,No
1042,15830,235,0,0,41,21-30,2,No
1043,6720,113,269,1,34,21-30,2,Yes
1044,3473,79,0,0,36,21-30,1,No
1045,1420,41,36,0,35,31-40,1,No
1046,2535,50,173,0,36,21-30,2,No
1047,1070,33,191,1,27,21-30,1,No
1048,1323,36,28,0,41,41-50,2,No
1049,455,22,8,0,27,21-30,1,No
1050,8933,171,73,0,15,21-30,2,Yes
1051,8932,171,73,1,15,21-30,1,Yes
1052,6183,107,38,1,40,31-40,2,Yes
1053,6063,101,28,1,36,21-30,1,Yes
1054,6148,138,83,1,17,16-20,1,Yes
1055,8688,168,71,0,45,41-50,2,No
1056,2608,42,29,0,46,31-40,1,No
1058,1243,16,0,1,39,31-40,1,No
1059,4005,62,0,0,34,21-30,2,No
1062,8873,168,68,1,13,21-30,1,Yes
1063,3410,73,20,0,34,21-30,2,No
1064,5693,100,30,1,37,21-30,2,Yes
1065,13408,160,0,0,34,31-40,2,No
1066,5703,93,28,1,34,21-30,2,Yes
1067,5553,86,0,0,34,21-30,1,No
1068,8628,165,66,1,13,41-50,1,Yes
1069,14775,216,42,0,34,21-30,2,No
1070,8627,165,66,1,13,41-50,1,Yes
1072,6135,77,174,0,33,31-40,1,No
1074,6518,105,28,1,38,31-40,2,Yes
1075,4260,96,50,0,43,31-40,2,Yes
1076,4790,83,44,0,41,31-40,1,Yes
1077,10070,84,0,0,42,41-50,2,No
1078,5453,89,14,1,42,21-30,1,No
1080,2625,32,0,1,41,21-30,2,No
1081,5385,88,37,0,41,31-40,2,Yes
1082,6420,88,2,0,29,41-50,2,No
1084,6600,107,259,1,30,21-30,2,Yes
1087,2415,44,163,0,42,21-30,2,No
1089,1203,30,18,0,42,41-50,2,No
1090,860,23,7,0,41,21-30,2,No
1096,3973,62,4,0,40,21-30,2,No
1097,8437,164,57,0,13,41-50,1,Yes
1098,2135,35,288,0,40,31-40,2,No
1099,13548,165,3,0,40,31-40,2,No
1100,4290,79,5,0,40,31-40,2,No
1101,6413,102,23,1,40,31-40,2,Yes
1102,14915,221,57,0,40,31-40,2,No
1103,2870,23,486,0,40,31-40,1,No
1104,15260,178,153,0,39,21-30,1,No
1105,6303,103,24,1,44,31-40,2,Yes
1106,650,10,3,0,39,21-30,2,No
1107,485,10,16,0,40,21-30,2,No
1108,7283,123,387,0,39,21-30,1,No
1110,11545,156,21,1,41,41-50,1,Yes
1111,730,43,19,0,35,21-30,1,No
1112,10210,89,4,0,38,41-50,1,No
1113,5593,94,29,0,38,21-30,1,No
1114,2615,18,3,0,36,31-40,2,No
1115,2765,37,12,1,37,21-30,1,No
1116,4485,93,40,1,39,31-40,1,Yes
1117,6560,93,17,0,35,41-50,1,No
1118,403,3,12,1,38,41-50,1,Yes
1119,6740,112,274,0,36,21-30,2,No
1120,3493,78,5,0,38,21-30,2,No
1121,2555,49,178,0,38,21-30,2,No
1122,1090,32,196,0,29,21-30,1,No
1123,1343,35,33,0,28,41-50,1,No
1124,475,21,13,0,29,21-30,1,No
1125,600,6,24,0,28,41-50,1,No
1126,1000,28,22,0,27,21-30,1,No
1127,3000,57,11,0,27,31-40,1,No
1128,6178,105,22,1,44,31-40,1,Yes
1129,11465,160,19,1,42,41-50,2,Yes
1130,8708,167,76,0,47,41-50,2,No
1132,5513,92,19,0,34,21-30,2,Yes
1133,3985,63,0,0,42,21-30,2,No
1134,2068,52,342,0,41,21-30,1,No
1135,4493,70,15,0,36,16-20,2,Yes
1136,3410,53,48,0,38,31-40,1,Yes
1137,4485,77,37,0,39,31-40,2,Yes
1138,1975,31,268,0,42,31-40,1,No
1140,13388,161,0,0,42,31-40,1,No
1141,4130,75,0,0,42,31-40,1,No
1143,11710,157,13,0,37,41-50,2,Yes
1144,14755,217,37,0,42,31-40,2,No
1146,15100,174,133,0,41,21-30,2,No
1147,6115,78,169,0,41,31-40,1,No
1148,490,6,0,0,41,21-30,1,No
1149,6323,100,8,0,37,21-30,2,Yes
1150,4908,77,9,0,39,16-20,1,Yes
1151,6333,67,91,0,41,21-30,2,No
1152,570,39,0,0,27,21-30,2,No
1154,5433,90,9,0,30,21-30,2,No
1155,2455,14,0,0,28,31-40,2,No
1156,2605,33,0,1,29,21-30,2,No
1157,1883,36,17,0,30,31-40,2,No
1158,1283,17,0,0,30,31-40,1,No
1160,2078,44,59,1,35,31-40,1,Yes
1162,11465,154,11,1,37,41-50,1,Yes
1163,1280,36,21,0,29,31-40,1,No
1166,1183,31,13,0,20,41-50,1,No
1167,2813,70,41,1,41,21-30,2,Yes
1171,1475,44,63,1,34,31-40,1,Yes
1172,4130,77,36,1,27,31-40,1,Yes
1174,9353,183,112,0,18,21-30,1,Yes
1175,3730,86,40,0,42,31-40,1,No
1176,2315,43,293,0,42,31-40,2,No
1177,9070,125,152,0,41,31-40,2,No
1178,13728,173,8,0,42,31-40,1,No
1179,4470,87,10,0,42,31-40,1,No
1181,2193,58,16,1,42,31-40,2,No
1182,15095,229,62,0,42,31-40,1,No
1183,3050,31,491,1,42,31-40,1,Yes
1184,15440,186,158,0,41,21-30,2,No
1186,5523,94,12,0,38,21-30,1,Yes
1187,665,18,21,0,42,31-40,1,No
1189,7463,131,392,0,41,21-30,2,No
1190,11420,158,19,0,41,41-50,2,No
1192,910,51,24,1,37,21-30,2,No
1193,10390,97,9,1,40,51-60,1,No
1196,2945,45,17,1,39,31-40,2,No
1197,2223,48,42,0,40,31-40,1,No
1199,6740,101,22,0,37,51-60,1,No
1200,583,11,17,1,40,41-50,2,No
1201,4503,72,8,1,40,16-20,2,Yes
1202,16030,242,8,0,35,21-30,1,No
1203,6920,120,279,0,38,21-30,2,No
1205,1620,48,46,0,39,31-40,2,No
1208,1523,43,38,0,30,41-50,2,No
1209,655,29,18,0,41,21-30,1,No
1210,780,14,29,0,30,41-50,2,No
1212,3180,65,16,0,29,31-40,2,No
1213,5323,91,10,1,34,21-30,2,Yes
1214,6348,145,93,0,41,21-30,1,No
1215,4443,69,7,1,38,16-20,2,Yes
1217,3550,78,35,1,40,31-40,2,Yes
1218,1443,23,8,0,43,31-40,2,No
1219,3805,55,0,0,30,21-30,2,No
1221,1888,44,337,0,29,21-30,2,No
1222,3633,50,0,0,30,16-20,1,No
1223,1828,42,0,0,30,16-20,1,No
1224,3210,66,10,0,30,21-30,2,No
1225,1795,23,263,0,30,31-40,1,No
1226,8550,105,122,0,29,31-40,2,No
1228,2933,47,41,1,20,31-40,2,Yes
1230,1673,38,0,0,30,31-40,2,No
1231,14575,209,32,0,30,21-30,2,No
1232,2530,11,461,1,30,31-40,1,Yes
1234,3775,82,32,0,38,31-40,2,Yes
1235,4153,70,9,0,42,16-20,1,Yes
1238,3775,76,24,0,33,21-30,1,Yes
1240,3157,51,38,0,18,31-40,1,Yes
1241,5253,82,4,0,28,21-30,2,No
1242,2275,6,0,0,46,31-40,2,No
1243,2425,25,0,1,27,21-30,2,Yes
1244,1703,28,12,1,28,31-40,1,No
1246,10840,98,2,0,35,21-30,2,Yes
1247,6400,100,249,0,46,21-30,2,No
1249,9318,179,90,0,21,21-30,1,Yes
1250,2215,37,153,0,28,21-30,1,No
1251,750,20,171,0,39,21-30,1,No
1252,1003,23,8,0,48,41-50,1,No
1253,5858,92,2,0,36,21-30,1,Yes
1254,2660,45,0,0,47,31-40,2,No
1255,3470,82,33,1,41,31-40,1,Yes
1256,2180,40,46,1,23,31-40,2,Yes
1257,3143,70,36,1,40,31-40,1,Yes
1258,4245,73,9,0,39,21-30,2,No
1260,2328,62,363,1,38,21-30,1,Yes
1261,3900,80,28,1,37,31-40,2,Yes
1262,2268,60,6,0,39,16-20,2,No
1263,3650,84,36,0,39,21-30,2,No
1264,8990,123,148,0,38,31-40,2,No
1268,2508,64,34,1,39,21-30,1,Yes
1269,5918,95,7,1,38,31-40,2,Yes
1271,15360,184,154,1,38,21-30,2,Yes
1273,750,16,4,0,38,21-30,1,No
1274,585,16,17,0,39,21-30,2,No
1275,1790,48,41,1,33,21-30,2,Yes
1276,7383,129,388,0,38,21-30,2,No
1277,11340,156,15,0,38,31-40,2,No
1278,5838,93,0,1,34,21-30,1,Yes
1280,10310,95,5,0,37,41-50,2,No
1282,1855,45,47,1,35,31-40,2,Yes
1284,2143,46,38,1,37,31-40,1,No
1285,2913,48,36,0,18,31-40,2,Yes
1286,1543,27,4,0,37,31-40,2,No
1287,6660,99,18,0,34,41-50,1,No
1289,15950,240,4,0,42,21-30,2,No
1290,6840,118,275,0,35,21-30,2,No
1291,3593,84,6,0,37,21-30,2,No
1293,2655,55,179,0,37,21-30,1,No
1294,1190,38,197,0,28,21-30,1,No
1295,9013,173,83,0,19,21-30,1,Yes
1296,10375,90,0,0,34,21-30,2,Yes
1297,700,12,25,0,27,41-50,1,No
1298,1100,34,23,0,46,21-30,1,No
1300,1875,34,39,0,21,21-30,2,Yes
1301,6268,143,89,0,48,16-20,1,No
1305,4733,99,17,0,39,31-40,1,Yes
1306,1968,46,341,0,42,21-30,2,No
1307,3257,50,32,0,15,31-40,1,Yes
1309,3290,68,14,0,33,21-30,2,No
1310,1875,25,267,0,33,31-40,2,No
1311,8630,107,126,0,42,31-40,2,No
1312,13288,155,0,0,33,31-40,2,No
1314,5433,81,0,0,33,21-30,2,No
1315,3715,79,27,0,36,31-40,2,Yes
1316,14655,211,36,0,33,31-40,2,No
1318,15000,168,132,0,42,21-30,2,No
1319,6015,72,168,0,42,31-40,1,No
1320,5658,85,0,1,32,21-30,2,Yes
1322,6233,61,90,0,42,21-30,2,No
1323,470,33,0,0,28,21-30,1,No
1324,9950,79,0,0,41,41-50,2,No
1326,2355,8,0,0,29,31-40,2,No
1327,2505,27,0,1,30,21-30,1,No
1328,5623,91,7,1,40,31-40,2,Yes
1330,6300,83,0,0,28,41-50,2,No
1332,8993,174,78,1,17,21-30,2,Yes
1333,6480,102,253,0,29,21-30,1,No
1334,3233,68,0,0,41,21-30,2,No
1335,1180,30,20,0,30,31-40,2,No
1336,9178,174,75,1,15,21-30,1,Yes
1337,830,22,175,0,22,21-30,1,No
1338,1083,25,12,0,41,41-50,2,No
1342,1210,12,10,0,43,21-30,2,No
1343,9870,77,0,1,28,21-30,1,Yes
1344,9047,176,71,1,17,21-30,2,Yes
1345,4665,75,19,0,36,21-30,1,No
1347,4083,61,3,1,36,16-20,2,Yes
1348,2060,35,40,1,22,31-40,2,Yes
1349,4103,90,19,1,42,31-40,2,Yes
1350,4070,86,46,0,36,31-40,2,No
1351,8627,171,74,1,18,21-30,2,Yes
1352,9410,125,158,0,35,31-40,2,No
1353,14068,173,14,0,36,31-40,1,No
1354,4810,87,16,0,36,31-40,1,No
1355,4198,66,1,1,38,16-20,2,Yes
1356,2533,58,22,0,36,31-40,2,No
1358,3390,31,497,1,36,31-40,2,Yes
1359,15780,186,164,1,35,21-30,1,Yes
1360,6795,90,200,0,35,31-40,2,No
1361,1170,18,14,0,35,21-30,2,No
1363,7803,131,398,1,35,21-30,2,Yes
1364,11760,158,25,0,35,31-40,2,No
1366,4198,66,1,0,38,16-20,1,Yes
1367,2852,45,31,0,16,31-40,1,Yes
1368,2688,62,16,0,36,16-20,1,Yes
1369,4675,77,12,0,40,31-40,1,Yes
1370,3285,45,23,0,33,21-30,2,No
1372,428,6,14,0,34,31-40,1,No
1376,633,8,18,0,34,51-60,1,No
1377,9420,76,0,0,33,21-30,2,Yes
1379,4013,86,16,0,34,21-30,2,No
1380,1960,48,52,1,33,31-40,1,No
1381,3075,57,189,0,34,21-30,2,No
1382,1610,40,207,0,25,21-30,2,No
1383,3078,49,28,0,14,31-40,2,Yes
1385,1120,14,35,0,24,41-50,2,No
1386,1520,36,33,0,23,21-30,2,No
1387,3520,65,22,0,23,31-40,2,No
1388,1990,30,42,0,46,21-30,2,No
1389,6688,145,99,0,45,16-20,1,No
1390,2967,50,29,1,18,31-40,2,Yes
1391,3148,49,45,0,44,31-40,2,No
1392,3465,55,0,0,36,21-30,1,No
1393,1720,39,35,1,27,21-30,1,Yes
1395,3293,50,0,0,36,16-20,1,No
1396,1488,42,0,0,36,16-20,1,No
1399,8210,105,116,0,35,31-40,1,No
1401,3610,67,0,0,36,31-40,2,No
1403,3408,75,17,1,41,21-30,2,Yes
1404,14235,209,26,0,36,31-40,1,No
1406,14580,166,122,0,35,21-30,2,No
1407,5595,70,158,0,35,31-40,2,No
1408,6603,111,356,0,35,21-30,1,No
1409,10560,138,0,0,35,31-40,2,No
1410,5813,59,80,0,35,21-30,1,No
1411,9530,77,0,0,34,41-50,2,No
1412,4023,94,17,1,43,31-40,1,Yes
1414,2085,25,0,0,33,21-30,2,No
1416,4820,89,9,1,40,31-40,2,Yes
1417,2043,40,37,1,38,31-40,1,Yes
1418,4138,63,0,1,36,16-20,2,Yes
1419,4370,77,13,1,43,31-40,1,Yes
1420,1615,30,41,1,40,31-40,1,Yes
1421,6060,100,243,1,32,21-30,1,Yes
1422,2813,66,0,0,34,21-30,1,No
1423,2978,43,27,1,15,31-40,1,Yes
1424,1875,37,147,0,34,21-30,2,No
1425,2268,44,34,1,36,31-40,1,Yes
1426,2268,44,34,1,36,31-40,1,Yes
1427,2320,45,0,0,23,31-40,2,No
1428,5488,125,57,0,45,16-20,1,No
1431,4180,71,30,0,37,31-40,1,No
1434,2203,58,27,0,37,21-30,2,No
1435,3585,82,57,0,37,31-40,1,No
1437,4255,66,7,0,36,21-30,1,Yes
1440,5728,95,32,0,37,31-40,1,No
1442,4913,82,0,0,34,21-30,2,Yes
1444,15295,182,175,0,36,21-30,2,No
1445,3935,72,16,0,26,31-40,2,Yes
1446,685,14,25,0,36,21-30,1,No
1447,520,14,38,0,37,31-40,1,No
1448,4018,58,0,0,35,16-20,2,Yes
1449,7318,127,409,0,36,31-40,1,No
1450,11275,154,36,0,36,41-50,2,No
1452,765,47,41,0,42,31-40,1,No
1455,4008,65,0,0,38,16-20,1,Yes
1457,1530,44,34,1,32,21-30,1,Yes
1458,3390,74,15,1,32,21-30,2,Yes
1459,1478,25,25,0,35,41-50,2,No
1460,6595,97,39,0,42,51-60,1,No
1461,1440,40,41,1,37,31-40,1,Yes
1463,15885,238,25,0,30,21-30,2,No
1464,6775,116,296,1,33,21-30,2,Yes
1465,3528,82,27,0,35,31-40,2,No
1466,3440,32,21,1,34,31-40,2,Yes
1467,3953,63,0,1,38,16-20,1,Yes
1468,4430,74,10,1,40,31-40,2,Yes
1469,1378,39,55,0,25,41-50,1,No
1471,7190,102,15,1,32,21-30,2,Yes
1475,6203,141,110,0,46,21-30,1,No
1476,8743,171,98,0,44,51-60,2,No
1477,2663,45,56,0,15,31-40,1,No
1479,2033,48,320,0,34,21-30,1,No
1483,3893,54,0,1,31,16-20,2,Yes
1485,13353,157,0,0,35,31-40,1,No
1486,4095,71,0,0,35,31-40,2,No
1488,4640,81,7,1,37,31-40,1,Yes
1489,2573,66,13,1,41,16-20,1,Yes
1491,15065,170,111,0,34,21-30,2,No
1492,1570,28,32,0,19,21-30,1,Yes
1493,3855,39,15,0,37,31-40,2,Yes
1494,7088,115,345,0,34,21-30,2,No
1498,10015,81,0,0,33,41-50,1,No
1500,11340,109,29,0,38,21-30,2,Yes
1501,2570,29,0,1,32,21-30,2,Yes
1502,1848,32,0,0,33,31-40,2,No
1503,1248,13,0,0,33,31-40,2,No
1505,15655,226,0,0,28,21-30,2,No
1506,6545,104,232,0,41,21-30,2,No
1507,4595,75,7,0,36,31-40,2,Yes
1509,2360,41,136,0,33,21-30,2,No
1510,895,24,154,0,24,21-30,2,No
1511,1148,27,0,0,23,41-50,1,No
1512,3480,78,18,1,40,31-40,1,Yes
1513,2805,49,0,0,22,31-40,1,No
1515,5973,129,46,0,44,16-20,1,No
1517,2888,65,18,1,40,21-30,2,Yes
1518,2338,55,361,0,35,21-30,1,No
1519,3813,58,0,1,32,16-20,1,Yes
1520,2278,53,4,0,36,16-20,2,No
1521,3660,77,34,0,36,21-30,2,No
1522,1590,41,31,1,29,21-30,1,Yes
1523,2733,61,24,1,40,31-40,1,Yes
1524,13658,164,2,0,36,31-40,1,No
1526,5803,90,9,0,36,21-30,1,No
1527,2123,49,10,1,36,31-40,1,No
1529,2980,22,485,0,36,31-40,2,No
1530,15370,177,152,1,35,21-30,2,Yes
1532,595,9,15,0,36,21-30,1,No
1533,7393,122,386,0,35,21-30,1,No
1536,840,42,18,0,41,21-30,1,No
1538,3415,62,17,1,25,31-40,1,Yes
1539,2725,17,2,0,42,31-40,1,No
1540,2875,36,11,0,33,21-30,1,No
1542,1553,20,2,0,34,31-40,2,No
1543,6670,92,16,0,41,41-50,2,No
1545,15960,233,2,0,29,21-30,1,No
1546,6850,111,273,1,32,21-30,2,Yes
1549,2665,48,177,0,34,21-30,1,No
1550,3713,52,0,1,33,16-20,2,Yes
1551,1453,34,32,0,24,41-50,2,No
1552,2650,22,25,1,33,31-40,1,Yes
1553,710,5,23,0,24,41-50,2,No
1554,1470,22,31,1,20,21-30,1,Yes
1557,6277,136,87,0,15,16-20,2,No
1558,8817,166,75,0,13,41-50,2,No
1560,2583,59,11,1,38,16-20,1,Yes
1561,1958,53,343,0,35,21-30,2,No
1562,1695,26,28,0,18,21-30,2,Yes
1564,3280,75,16,0,36,21-30,1,No
1566,8620,114,128,0,35,31-40,1,No
1567,13278,162,0,0,36,31-40,2,No
1568,4020,76,0,0,36,31-40,2,No
1569,5423,88,0,0,36,21-30,2,No
1571,1695,26,28,0,18,21-30,1,Yes
1573,14990,175,134,0,35,21-30,2,No
1574,6005,79,170,0,35,31-40,2,No
1575,7013,120,368,0,35,21-30,1,No
1576,2680,61,53,0,38,21-30,1,Yes
1577,6223,68,92,0,35,21-30,2,No
1578,460,40,0,1,41,21-30,1,No
1579,9940,86,0,0,34,41-50,2,No
1580,3598,56,0,0,38,16-20,2,Yes
1581,4023,88,9,0,38,31-40,1,Yes
1582,2495,34,0,1,33,21-30,1,Yes
1583,1773,37,18,0,34,31-40,2,No
1585,6290,90,0,0,41,41-50,1,No
1586,1920,30,25,0,16,21-30,2,Yes
1588,6470,109,255,0,42,21-30,2,No
1589,4820,83,1,0,35,31-40,2,Yes
1590,1170,37,22,0,33,31-40,2,No
1591,11035,103,22,0,36,21-30,1,Yes
1592,1405,40,30,0,28,21-30,1,Yes
1593,1073,32,14,0,24,41-50,1,No
1595,730,25,3,0,23,21-30,1,No
1597,2547,39,24,0,14,31-40,2,Yes
1600,2357,38,15,0,14,31-40,2,No
1603,11450,110,16,0,39,21-30,1,Yes
1604,4290,69,0,0,34,21-30,2,Yes
1605,3470,70,17,0,41,21-30,1,No
1606,2055,27,270,0,41,31-40,2,No
1607,8810,109,129,0,30,31-40,1,No
1608,13468,157,0,0,41,31-40,2,No
1609,3225,67,16,0,30,31-40,1,Yes
1610,5613,83,0,0,41,21-30,2,No
1611,1933,42,0,0,41,31-40,2,No
1612,14835,213,39,0,31,21-30,2,No
1613,2790,15,468,1,31,31-40,1,Yes
1614,15180,170,135,0,30,21-30,2,No
1616,570,2,0,0,30,21-30,2,No
1617,405,2,0,0,31,21-30,2,No
1618,4485,76,3,0,40,31-40,2,Yes
1619,7203,115,369,0,30,21-30,2,No
1620,11160,142,0,0,30,31-40,2,No
1621,6975,97,7,0,34,41-50,2,Yes
1622,650,35,1,0,26,21-30,2,No
1625,2535,10,0,0,27,31-40,1,No
1626,2685,29,0,0,28,21-30,2,No
1627,1963,32,19,0,29,31-40,1,No
1628,1250,51,30,0,31,21-30,1,Yes
1629,1363,13,0,0,29,31-40,2,No
1630,6480,85,0,0,26,41-50,2,No
1631,6725,94,9,0,31,41-50,1,Yes
1632,6660,104,256,0,27,21-30,2,No
1635,4515,83,2,0,38,31-40,2,Yes
1636,4515,83,2,0,38,31-40,1,Yes
1637,10820,101,18,0,42,21-30,2,Yes
1639,920,20,4,0,48,16-20,2,No
1641,3963,85,7,0,36,31-40,1,Yes
1642,3965,82,7,0,39,31-40,2,Yes
1644,4065,71,6,0,41,31-40,2,No
1645,7205,109,53,0,36,21-30,2,Yes
1647,3893,66,2,0,41,16-20,1,No
1648,2088,58,3,0,41,21-30,1,No
1650,2055,39,286,0,41,31-40,2,No
1651,8810,121,145,0,40,31-40,1,No
1652,13468,169,1,0,41,31-40,1,No
1656,14835,225,55,0,41,31-40,2,No
1657,2348,62,10,0,42,16-20,1,Yes
1658,15180,182,151,0,40,21-30,1,No
1659,6195,86,187,0,40,31-40,2,No
1660,570,14,1,0,40,21-30,2,No
1661,10695,103,16,0,42,21-30,1,Yes
1663,7203,127,385,0,40,31-40,2,No
1664,3100,32,15,0,40,31-40,2,Yes
1665,6413,75,109,0,40,21-30,2,No
1666,2078,43,25,0,36,31-40,1,Yes
1667,10130,93,2,0,39,51-60,2,No
1668,5513,98,27,0,39,21-30,1,No
1669,2535,22,1,0,37,31-40,1,No
1671,1963,44,35,0,39,31-40,1,No
1672,4515,77,0,0,33,31-40,1,Yes
1674,1450,23,26,0,18,21-30,1,Yes
1675,15770,238,1,0,34,21-30,2,No
1677,3135,26,14,0,32,31-40,1,Yes
1678,1360,44,39,0,38,31-40,1,No
1679,2475,53,176,0,39,21-30,2,No
1680,1010,36,194,0,30,21-30,1,No
1681,1263,39,31,0,29,41-50,2,No
1682,1245,22,60,0,29,41-50,2,Yes
1685,2920,61,9,0,28,31-40,1,No
1686,7690,113,42,0,35,21-30,2,Yes
1687,6087,141,86,0,20,21-30,1,No
1688,6705,95,4,0,29,41-50,2,Yes
1689,2547,45,32,0,39,31-40,2,No
1690,4775,76,23,0,37,21-30,1,No
1691,3718,82,2,0,36,21-30,2,Yes
1692,2858,65,360,0,36,21-30,1,No
1693,1360,38,31,0,33,31-40,2,Yes
1694,2798,63,3,0,37,16-20,1,No
1695,4180,87,33,0,37,31-40,2,No
1697,9520,126,145,0,36,31-40,1,No
1698,14178,174,1,0,37,31-40,2,No
1699,4920,88,3,0,37,31-40,2,No
1701,3050,44,14,0,37,31-40,2,Yes
1705,6905,91,187,0,36,31-40,1,No
1706,1280,19,1,0,36,21-30,2,No
1707,1115,19,14,0,37,21-30,2,No
1708,3205,31,12,0,38,31-40,2,Yes
1710,11870,159,12,0,36,31-40,2,No
1711,7123,80,109,0,36,21-30,1,No
1714,6223,103,27,0,35,21-30,1,No
1716,2030,53,50,0,39,41-50,1,Yes
1717,2673,49,35,1,35,31-40,1,No
1718,538,7,1,0,35,31-40,1,No
1720,1180,36,27,0,29,21-30,1,Yes
1721,10740,99,8,0,38,51-60,2,Yes
1722,743,9,5,0,35,51-60,1,No
1723,16480,243,1,0,30,21-30,1,No
1724,7370,121,272,0,33,21-30,1,No
1726,2070,49,39,0,34,31-40,2,No
1727,3185,58,176,0,35,21-30,1,No
1729,1973,44,31,0,25,41-50,1,No
1732,10740,99,8,0,38,51-60,2,Yes
1733,3630,66,9,0,24,31-40,2,No
1735,10740,99,8,0,38,51-60,2,Yes
1736,4255,73,0,0,32,31-40,2,Yes
1737,2558,41,17,0,18,31-40,2,Yes
1740,3183,49,0,0,35,16-20,1,No
1741,1378,41,0,0,35,16-20,2,No
1742,2760,65,0,0,35,21-30,1,No
1745,3530,61,7,0,22,31-40,1,Yes
1746,3500,66,0,0,35,31-40,2,No
1749,14125,208,22,0,35,21-30,2,No
1750,2080,10,451,0,35,31-40,1,No
1751,4210,71,0,0,31,31-40,2,Yes
1752,5485,69,154,0,34,31-40,2,No
1753,4190,63,0,0,35,31-40,2,Yes
1754,6493,110,352,0,34,21-30,2,No
1755,3703,59,0,0,36,21-30,1,Yes
1756,5703,58,76,0,34,21-30,2,No
1757,1740,22,20,0,14,21-30,1,Yes
1758,4803,81,0,1,33,21-30,2,No
1761,1253,27,2,0,33,31-40,1,No
1762,653,8,0,0,33,31-40,2,No
1763,5770,80,0,0,30,41-50,2,No
1764,6670,91,0,0,32,41-50,2,Yes
1765,4150,74,0,0,34,31-40,2,Yes
1766,1485,36,27,0,32,31-40,1,Yes
1767,5950,99,239,0,31,21-30,1,No
1769,650,27,6,0,42,31-40,1,No
1770,3660,76,0,0,37,21-30,1,Yes
1771,4110,78,0,0,39,31-40,1,Yes
1772,553,22,0,0,23,41-50,2,No
1773,3020,30,11,0,37,31-40,2,Yes
1774,2210,44,0,0,22,31-40,1,No
1775,7350,113,36,0,41,51-60,1,Yes
1776,5377,124,53,0,14,16-20,1,No
1777,1837,28,0,0,13,31-40,2,No
1778,1903,35,22,0,32,31-40,2,Yes
1779,1630,37,20,0,24,21-30,1,Yes
1780,1095,22,30,0,44,31-40,1,Yes
1781,3893,60,0,0,36,16-20,2,No
1784,2055,33,278,0,36,31-40,2,No
1785,2543,60,15,0,40,31-40,2,Yes
1786,13468,163,0,0,36,31-40,2,No
1787,3225,61,8,0,25,31-40,1,Yes
1788,5613,89,0,0,36,21-30,1,No
1789,3225,61,8,0,25,31-40,2,Yes
1790,14835,219,47,0,36,31-40,1,No
1791,2790,21,476,0,36,31-40,2,No
1792,15180,176,143,0,35,21-30,2,No
1794,570,8,0,0,35,21-30,1,No
1795,3538,74,0,0,33,21-30,1,Yes
1796,7203,121,377,0,35,21-30,1,No
1797,6400,89,0,0,27,41-50,2,Yes
1798,6413,69,101,0,35,21-30,1,No
1799,650,41,9,0,31,21-30,1,No
1800,10130,87,0,0,34,41-50,1,No
1801,1475,24,21,0,37,21-30,1,Yes
1802,2535,16,0,0,42,31-40,1,No
1803,2685,35,2,0,33,21-30,1,No
1804,3295,41,8,1,32,31-40,2,Yes
1806,6480,91,7,0,31,41-50,2,No
1808,6660,110,264,1,32,21-30,1,Yes
1810,3950,67,0,0,30,31-40,2,Yes
1811,1973,40,20,0,38,31-40,2,Yes
1812,1010,30,186,0,25,21-30,2,No
1813,1263,33,23,0,24,41-50,2,No
1814,3915,73,0,0,38,31-40,1,Yes
1815,920,26,12,0,23,21-30,1,No
1816,10435,93,1,0,36,51-60,2,Yes
1817,1390,20,21,0,16,21-30,2,No
1818,6087,135,78,0,15,16-20,1,No
1819,8627,165,66,0,13,41-50,1,No
1820,2547,39,24,0,14,31-40,1,No
1821,1863,43,44,0,24,41-50,2,Yes
1822,2990,41,9,0,35,31-40,1,Yes
1823,4065,65,0,0,36,21-30,1,No
1824,2698,58,1,0,35,16-20,2,Yes
1825,3893,60,0,0,36,16-20,1,No
1826,2088,52,0,0,36,16-20,2,No
1827,3470,76,25,0,36,21-30,2,No
1829,8810,115,137,0,35,31-40,2,No
1830,13468,163,0,0,36,31-40,2,No
1832,5613,89,0,0,36,21-30,1,No
1834,14835,219,47,0,36,31-40,1,No
1835,2790,21,476,0,36,31-40,2,No
1836,15180,176,143,0,35,21-30,1,No
1837,940,16,53,0,27,41-50,1,Yes
1839,405,8,6,0,36,21-30,2,No
1840,2393,64,10,0,43,21-30,1,Yes
1842,6413,69,101,0,35,21-30,2,No
1843,650,41,9,1,31,21-30,1,No
1844,3805,72,0,0,37,31-40,1,Yes
1845,5513,92,19,0,34,21-30,2,No
1846,3145,28,7,0,36,31-40,2,Yes
1848,1963,38,27,0,34,31-40,1,No
1849,3355,70,0,0,35,21-30,1,Yes
1850,6480,91,7,0,31,41-50,2,No
1851,3105,46,7,0,37,31-40,2,Yes
1852,3065,71,7,0,37,31-40,1,Yes
1853,6660,110,264,0,42,21-30,2,No
1854,3413,76,0,0,34,21-30,2,No
1855,1360,38,31,0,33,31-40,1,No
1856,3333,74,0,0,30,21-30,1,Yes
1857,1010,30,186,0,25,21-30,1,No
1858,1263,33,23,0,24,41-50,1,No
1859,520,4,14,0,24,41-50,2,No
1860,920,26,12,0,23,21-30,2,No
1861,2920,55,1,0,23,31-40,2,No
1863,2638,61,7,0,38,21-30,1,Yes
1864,1370,40,24,0,37,31-40,1,Yes
1865,2618,62,7,0,36,21-30,2,Yes
1866,4675,77,12,0,40,31-40,2,No
1867,3413,82,3,0,39,31-40,2,Yes
1868,10030,88,0,0,37,51-60,1,Yes
1870,2698,64,9,0,40,21-30,1,No
1872,3065,26,7,0,32,31-40,1,Yes
1875,4820,89,9,0,40,31-40,1,No
1876,6223,101,14,0,40,31-40,2,No
1877,2543,60,15,1,40,31-40,2,Yes
1878,3298,70,0,0,33,21-30,1,Yes
1879,3043,45,7,0,17,31-40,2,Yes
1880,15790,188,157,0,39,21-30,2,No
1881,7045,107,29,0,39,51-60,2,Yes
1882,2870,66,4,0,36,21-30,2,Yes
1883,3030,22,7,0,35,31-40,1,Yes
1884,7813,133,391,0,39,31-40,1,No
1885,11770,160,18,0,39,41-50,2,No
1887,1260,53,23,0,35,31-40,1,No
1888,2168,54,5,0,40,16-20,1,Yes
1889,918,15,28,0,39,31-40,1,Yes
1890,5880,81,0,0,31,41-50,1,Yes
1892,2573,50,41,1,38,41-50,2,Yes
1893,3223,75,0,0,34,21-30,1,Yes
1894,1973,31,7,0,38,41-50,2,No
1895,7150,106,26,0,37,51-60,2,Yes
1896,933,13,16,0,38,41-50,1,No
1897,643,10,11,0,38,51-60,2,No
1898,3530,73,23,0,32,41-50,1,Yes
1900,4023,88,9,0,38,31-40,1,No
1901,1970,50,45,0,37,31-40,2,No
1902,3085,59,182,0,38,21-30,1,No
1906,2930,57,7,0,27,31-40,2,Yes
1907,1530,38,26,0,27,21-30,2,No
1908,3530,67,15,0,27,31-40,1,No
1909,2000,32,35,0,20,31-40,2,No
1910,6698,147,92,0,39,21-30,1,No
1911,9238,177,80,0,47,51-60,1,No
1912,3158,51,38,0,48,31-40,1,No
1913,1748,47,41,0,29,21-30,1,Yes
1915,683,14,19,0,43,31-40,2,No
1916,2818,69,371,1,41,31-40,2,Yes
1917,4563,75,13,0,42,16-20,1,No
1920,2725,48,297,0,42,41-50,1,No
1921,2518,56,7,0,37,21-30,1,Yes
1922,14138,178,12,0,42,31-40,2,No
1923,4880,92,14,0,42,41-50,1,No
1924,6283,104,19,0,42,31-40,1,No
1925,2603,63,20,0,42,41-50,1,No
1926,15505,234,66,0,42,31-40,1,No
1927,3460,36,495,0,42,41-50,2,No
1929,1240,23,12,0,41,21-30,1,No
1930,2393,58,2,0,38,16-20,1,Yes
1931,2393,58,2,0,38,16-20,1,Yes
1932,11830,163,23,0,41,41-50,1,No
1934,1320,56,28,1,37,31-40,2,No
1935,10800,102,13,1,40,51-60,1,No
1936,1110,27,21,0,23,21-30,2,Yes
1937,2980,58,6,0,25,31-40,2,Yes
1941,1515,18,17,0,15,21-30,2,Yes
1942,3153,66,0,0,28,21-30,1,Yes
1943,993,16,21,1,40,41-50,2,No
1944,703,13,16,0,40,51-60,1,No
1945,2795,26,8,0,38,31-40,1,Yes
1946,2643,59,9,0,37,31-40,1,Yes
1947,1075,23,25,0,42,31-40,1,Yes
1948,1360,28,18,0,42,21-30,1,Yes
1949,1333,22,22,0,42,31-40,1,Yes
1950,1680,45,205,0,31,31-40,2,No
1951,1933,48,42,0,30,51-60,1,No
1953,2483,57,10,0,38,31-40,2,Yes
1954,1425,20,42,0,26,21-30,1,Yes
1955,3590,70,20,0,29,31-40,2,No
1956,2383,49,32,0,38,21-30,2,Yes
1957,6975,98,23,0,33,51-60,2,Yes
1959,3218,54,43,0,20,31-40,1,No
1960,4755,49,227,0,13,31-40,2,No
1961,1853,28,12,1,13,31-40,1,Yes
1962,7090,103,21,0,35,51-60,1,Yes
1963,563,8,9,0,39,31-40,1,No
1964,2698,63,361,1,37,31-40,1,Yes
1966,1450,36,16,0,23,21-30,1,Yes
1968,2605,42,287,0,38,31-40,1,No
1969,1783,30,16,0,31,31-40,2,Yes
1970,14018,172,7,0,38,31-40,2,No
1971,4760,86,7,0,38,31-40,2,No
1972,6163,98,9,0,38,31-40,2,No
1973,1963,29,14,0,34,31-40,1,Yes
1974,15385,228,56,0,38,31-40,2,No
1975,3340,30,485,0,38,31-40,2,No
1976,15730,185,152,0,37,21-30,2,No
1978,2113,56,12,0,39,31-40,1,Yes
1979,955,17,15,0,38,31-40,2,No
1980,1370,21,16,0,39,21-30,1,Yes
1982,2393,52,0,0,33,16-20,2,Yes
1984,1200,50,18,1,33,31-40,2,No
1988,3235,44,11,0,35,31-40,2,No
1989,2513,47,36,1,36,31-40,2,No
1990,2543,54,7,0,35,31-40,2,Yes
1992,7030,100,16,0,33,51-60,1,No
1993,873,10,11,0,36,41-50,1,No
1994,16320,241,7,0,31,21-30,2,No
1995,3225,55,0,0,20,31-40,1,Yes
1996,635,10,46,0,25,21-30,2,Yes
1997,1910,47,40,0,35,31-40,2,No
1998,3025,56,177,0,36,21-30,2,No
1999,1560,39,195,0,27,21-30,2,No
2000,1310,24,39,0,31,21-30,2,Yes
2004,3470,64,10,0,25,31-40,2,No
2005,1940,29,30,0,18,21-30,2,No
2006,6638,144,87,0,47,21-30,2,No
2007,2313,56,0,0,34,16-20,2,Yes
2011,2838,68,376,0,43,31-40,2,No
2012,4583,74,18,0,44,16-20,1,No
2013,2778,66,19,0,44,21-30,2,No
2014,4160,90,49,0,44,31-40,2,No
2015,1410,36,18,0,28,31-40,1,Yes
2016,9500,129,161,0,43,31-40,1,No
2018,4900,91,19,0,44,31-40,2,No
2019,1350,30,15,0,24,21-30,2,Yes
2020,2623,62,25,1,44,31-40,1,No
2023,15870,190,167,0,43,21-30,1,No
2025,1260,22,17,0,43,21-30,1,No
2026,1628,42,35,0,28,21-30,1,Yes
2027,7893,135,401,0,43,31-40,1,No
2030,1340,55,33,1,39,31-40,1,No
2033,3225,30,17,0,40,31-40,1,No
2034,3375,49,26,1,41,31-40,1,Yes
2035,2653,52,51,1,42,41-50,1,No
2036,518,10,17,0,42,31-40,1,No
2037,2053,33,17,0,42,41-50,2,No
2038,7170,105,31,0,39,51-60,2,No
2040,723,12,21,0,42,51-60,2,No
2041,16460,246,17,0,37,21-30,1,No
2042,7350,124,288,0,40,31-40,1,No
2043,2278,52,0,0,37,16-20,2,Yes
2044,2050,52,55,1,41,41-50,2,No
2045,3165,61,192,0,42,21-30,1,No
2049,1210,18,38,0,32,41-50,2,No
2050,1610,40,36,0,31,21-30,1,No
2051,3610,69,25,0,31,31-40,1,No
2054,3145,22,0,0,31,31-40,2,Yes
2058,2013,50,11,0,40,31-40,2,Yes
2059,1813,42,32,0,26,21-30,1,Yes
2060,2678,64,356,0,35,31-40,2,No
2061,4423,70,7,0,36,21-30,2,No
2063,4000,86,29,0,36,31-40,1,No
2064,2585,43,282,0,36,31-40,2,No
2065,9340,125,141,0,35,31-40,2,No
2066,1783,31,32,0,37,21-30,2,Yes
2068,2473,55,58,0,28,51-60,1,Yes
2069,2463,58,7,0,36,31-40,1,No
2070,2363,52,7,0,37,31-40,2,Yes
2072,15710,186,147,0,35,21-30,1,No
2073,2203,57,0,0,38,16-20,2,Yes
2075,935,18,10,0,36,31-40,2,No
2076,7733,131,381,0,35,31-40,1,No
2077,11690,158,8,0,35,41-50,1,No
2079,1180,51,13,1,31,31-40,2,No
2080,10660,97,7,0,34,51-60,2,No
2081,6043,102,23,0,34,21-30,1,No
2083,3215,45,7,1,33,31-40,1,No
2084,2493,48,31,1,34,31-40,1,Yes
2085,2920,55,1,0,23,31-40,2,Yes
2086,7010,101,11,0,31,51-60,1,No
2087,16300,242,7,0,29,21-30,1,No
2088,7190,120,268,0,32,31-40,1,No
2090,1890,48,35,0,33,31-40,1,No
2091,1443,41,34,0,27,21-30,2,Yes
2093,980,29,17,0,25,21-30,2,Yes
2094,925,29,7,0,25,31-40,1,No
2095,1015,20,20,0,40,31-40,1,Yes
2096,2283,50,7,0,34,31-40,2,Yes
2097,3450,65,7,0,23,31-40,1,No
2098,2148,55,0,0,38,16-20,2,Yes
2100,9158,175,70,0,13,51-60,2,No
2101,2133,48,0,0,32,16-20,2,Yes
2102,2955,27,0,0,36,31-40,2,Yes
2103,6830,93,7,0,29,51-60,2,Yes
2104,2088,52,0,0,36,16-20,1,Yes
2105,883,21,29,0,47,31-40,2,No
2106,3018,76,381,0,45,31-40,2,No
2107,4763,82,23,0,46,16-20,2,No
2109,4340,98,54,0,46,31-40,1,No
2110,2925,55,307,0,46,41-50,1,No
2111,2088,46,0,0,31,16-20,1,Yes
2113,5080,99,24,0,46,41-50,2,No
2114,6483,111,29,0,46,31-40,2,No
2115,2803,70,30,0,46,41-50,2,No
2116,955,47,16,0,33,21-30,2,Yes
2117,16050,198,172,0,45,21-30,2,No
2118,7065,102,208,0,45,41-50,1,No
2120,1275,30,35,0,46,31-40,2,No
2121,698,18,22,0,44,31-40,2,Yes
2122,8073,143,406,0,45,31-40,2,No
2125,1520,63,38,1,41,31-40,2,Yes
2127,6383,114,48,0,44,31-40,2,No
2128,3405,38,22,0,42,41-50,2,No
2129,3555,57,31,1,43,31-40,1,Yes
2130,2833,60,56,1,44,21-30,1,Yes
2131,1568,39,30,0,26,21-30,2,Yes
2133,2515,50,0,0,24,31-40,2,Yes
2134,1193,23,31,1,44,41-50,2,No
2135,2028,49,0,0,34,16-20,2,Yes
2138,4283,98,24,0,44,31-40,2,No
2140,2008,50,0,0,32,16-20,1,Yes
2141,1880,52,215,0,35,31-40,2,No
2142,1190,19,33,0,30,41-50,2,Yes
2143,1265,41,32,0,35,31-40,2,No
2144,1390,26,43,0,34,41-50,2,No
2145,3790,77,30,0,33,41-50,2,No
2147,6958,157,107,0,25,21-30,1,No
2149,3418,61,53,0,24,41-50,1,No
2152,4415,67,7,0,34,31-40,2,No
2153,2498,56,351,0,33,31-40,1,No
2154,4243,62,7,0,34,21-30,1,No
2155,2438,54,7,0,34,16-20,2,No
2156,780,27,20,0,31,31-40,2,Yes
2157,2233,41,22,0,44,41-50,1,Yes
2158,13818,165,7,0,34,31-40,1,No
2159,4560,79,7,0,34,31-40,1,No
2160,5963,91,7,0,34,31-40,1,No
2161,15185,221,46,0,34,31-40,1,No
2163,15530,178,142,0,33,21-30,2,No
2164,2133,55,52,0,34,51-60,2,Yes
2165,920,10,7,0,33,21-30,1,No
2166,755,10,7,0,34,31-40,2,No
2167,2268,35,21,0,36,41-50,2,Yes
2168,7553,123,376,0,33,21-30,2,No
2170,6763,71,100,0,33,21-30,1,No
2171,1005,31,17,0,29,31-40,2,Yes
2172,10480,89,7,0,32,51-60,2,No
2174,2885,18,7,0,30,31-40,2,No
2176,2313,40,26,1,32,31-40,1,Yes
2177,6490,93,7,0,35,51-60,2,Yes
2178,1100,28,16,0,27,31-40,2,Yes
2179,1200,19,12,0,16,21-30,2,Yes
2180,7010,112,263,0,30,21-30,2,No
2181,3763,78,7,0,32,21-30,2,No
2182,1585,25,8,0,38,21-30,2,Yes
2184,1360,32,185,0,23,21-30,1,No
2185,1613,35,22,0,22,41-50,2,No
2186,1943,50,7,0,40,31-40,2,Yes
2187,2625,51,0,0,25,31-40,2,Yes
2188,1270,28,11,0,21,21-30,1,No
2189,3270,57,7,0,21,31-40,2,No
2191,1225,26,11,0,20,21-30,1,Yes
2192,1993,51,6,0,38,31-40,1,Yes
2193,498,13,18,0,42,21-30,2,Yes
2194,803,19,25,0,44,31-40,1,No
2195,1130,16,28,0,28,41-50,2,Yes
2197,2878,72,20,0,43,21-30,2,No
2198,2535,16,0,0,32,31-40,1,Yes
2199,2845,53,303,0,43,31-40,2,No
2201,1643,24,24,0,39,41-50,1,Yes
2202,5000,97,20,0,43,31-40,2,No
2204,2723,68,26,1,43,31-40,1,No
2205,1015,17,15,0,40,31-40,1,Yes
2206,3580,41,501,1,43,31-40,2,Yes
2207,1793,48,0,0,38,16-20,2,Yes
2208,6985,100,204,0,42,31-40,2,No
2210,1195,28,31,0,43,31-40,2,No
2212,7993,141,402,0,42,31-40,2,No
2213,11950,168,29,0,42,41-50,1,No
2214,1953,47,47,0,32,51-60,2,Yes
2215,1440,61,34,0,38,31-40,2,No
2216,10920,107,19,0,41,51-60,2,No
2218,3325,36,18,0,39,31-40,1,No
2220,2753,58,52,1,41,41-50,1,No
2221,618,16,18,1,41,31-40,2,Yes
2223,2153,39,18,0,41,41-50,2,Yes
2224,823,18,22,0,41,51-60,2,No
2225,16560,252,18,1,36,21-30,1,No
2226,7450,130,289,0,39,31-40,1,No
2227,4203,96,20,0,41,31-40,1,No
2228,2150,58,56,0,40,31-40,2,No
2229,3265,67,193,0,41,21-30,2,No
2230,1800,50,211,0,32,31-40,1,No
2231,2053,53,48,0,31,51-60,1,No
2232,1185,39,28,0,32,31-40,2,No
2233,2433,33,0,0,13,31-40,2,Yes
2234,1710,46,37,0,30,21-30,1,No
2235,3710,75,26,0,30,31-40,2,No
2236,6878,155,103,0,22,21-30,2,No
2238,3338,59,49,0,21,31-40,2,No
2239,4875,54,233,0,14,31-40,1,No
2241,4495,69,7,0,37,31-40,2,No
2242,2578,58,355,1,36,31-40,1,Yes
2243,4323,64,7,0,37,16-20,2,No
2244,1623,29,8,0,40,31-40,2,Yes
2245,2420,10,0,0,31,31-40,1,Yes
2246,2485,37,281,0,37,31-40,1,No
2248,13898,167,7,0,37,31-40,2,No
2249,1415,32,7,0,26,21-30,1,Yes
2252,15265,223,50,0,37,31-40,2,No
2255,6625,84,182,0,36,31-40,2,No
2258,1113,21,27,0,41,41-50,1,Yes
2259,1683,47,0,0,37,16-20,1,Yes
2260,2163,32,16,0,38,41-50,2,Yes
2261,1080,45,12,1,32,31-40,1,No
2262,10560,91,7,0,35,51-60,2,No
2265,3115,39,7,1,34,31-40,2,No
2266,2393,42,30,0,35,41-50,2,No
2267,2345,15,0,0,32,31-40,1,Yes
2268,6910,95,10,0,32,51-60,1,No
2269,760,28,15,0,29,31-40,1,Yes
2270,575,27,14,0,28,21-30,1,Yes
2271,16200,236,7,0,30,21-30,1,No
2272,7090,114,267,0,33,31-40,1,No
2273,3843,80,7,0,35,31-40,2,No
2274,1790,42,34,0,34,31-40,2,No
2276,628,9,16,0,38,31-40,2,Yes
2277,1693,37,26,0,25,51-60,2,No
2278,825,23,7,0,26,31-40,1,No
2279,1378,38,21,0,26,41-50,2,Yes
2280,3350,59,7,0,24,31-40,2,No
2281,1820,24,24,0,47,31-40,1,No
2282,6518,139,81,0,16,21-30,1,No
2283,9058,169,69,0,14,51-60,1,No
2284,1550,38,6,0,34,31-40,2,Yes
2285,5275,87,33,0,40,31-40,2,No
2287,3358,76,387,0,39,31-40,2,No
2288,5103,82,29,0,40,16-20,2,No
2291,1180,20,7,0,39,21-30,1,Yes
2292,10020,137,172,1,39,31-40,1,No
2293,933,19,24,0,43,41-50,1,Yes
2296,1000,43,8,0,29,21-30,2,Yes
2297,16045,241,82,1,40,31-40,1,Yes
2299,16390,198,178,0,39,21-30,1,No
2300,1120,17,7,0,37,21-30,2,Yes
2302,1100,18,7,0,35,21-30,2,Yes
2303,8413,143,412,0,39,31-40,2,No
2306,1860,63,44,1,35,31-40,1,No
2307,2033,34,12,0,40,41-50,1,Yes
2309,3745,38,28,0,36,31-40,2,No
2310,3895,57,37,1,37,31-40,1,No
2314,623,11,14,0,41,31-40,2,Yes
2315,1533,23,37,0,38,41-50,2,No
2316,1243,20,32,0,38,51-60,2,No
2317,16980,254,28,0,33,21-30,2,No
2320,2570,60,66,1,37,41-50,2,No
2321,3685,69,203,0,38,21-30,2,No
2322,585,20,12,0,25,21-30,1,Yes
2324,1605,41,38,0,29,31-40,2,No
2325,1730,26,49,0,28,41-50,2,No
2326,2130,48,47,0,27,21-30,2,No
2327,1130,10,20,0,23,41-50,2,Yes
2329,9838,187,101,0,47,51-60,2,No
2332,438,14,15,0,43,31-40,2,Yes
2333,2158,56,345,0,39,31-40,2,No
2334,3903,62,7,0,40,16-20,2,No
2336,1935,6,0,0,32,31-40,2,Yes
2339,13478,165,7,0,40,31-40,2,No
2340,4220,79,7,0,40,31-40,2,No
2341,700,25,10,0,27,21-30,1,Yes
2342,1873,45,0,0,34,31-40,1,Yes
2344,2800,23,469,0,40,31-40,2,No
2345,15190,178,136,0,39,21-30,2,No
2346,580,10,7,0,39,21-30,1,No
2347,415,10,7,0,40,31-40,2,No
2349,758,16,43,0,39,51-60,2,Yes
2351,660,43,7,0,35,31-40,1,No
2353,1853,46,0,0,32,31-40,1,Yes
2354,2545,18,7,0,36,31-40,1,No
2355,2695,37,7,0,37,31-40,2,No
2356,1833,49,0,0,39,31-40,1,Yes
2359,930,28,7,0,27,21-30,2,Yes
2360,15780,234,7,0,33,21-30,2,No
2361,6670,112,257,0,36,31-40,2,No
2362,3423,78,7,0,38,31-40,2,No
2364,2485,49,161,0,38,21-30,2,No
2365,1020,32,179,0,29,31-40,2,No
2366,1273,35,16,0,28,41-50,2,No
2367,405,21,7,0,29,31-40,1,No
2368,830,18,8,0,41,21-30,2,Yes
2370,6098,137,71,0,39,21-30,2,No
2371,8638,167,59,0,47,51-60,2,No
2372,405,14,14,0,41,31-40,1,Yes
2374,900,14,7,0,39,21-30,2,Yes
2375,2873,72,398,0,40,31-40,2,No
2376,1580,20,0,0,17,21-30,1,Yes
2379,760,28,10,0,33,31-40,1,Yes
2380,9535,133,183,0,40,31-40,1,No
2381,14193,181,39,0,41,31-40,1,No
2383,940,15,19,0,28,41-50,1,Yes
2385,465,11,11,0,38,21-30,1,Yes
2387,15905,194,189,0,40,31-40,1,No
2388,6920,98,225,0,40,41-50,2,No
2392,1443,21,3,0,38,31-40,2,Yes
2394,7138,87,147,0,40,31-40,2,No
2395,1375,59,55,1,36,31-40,2,No
2396,10855,105,40,0,39,51-60,2,No
2397,6238,110,65,0,39,31-40,2,No
2398,723,10,8,0,38,21-30,1,Yes
2400,2688,56,73,1,39,41-50,2,No
2401,553,14,39,0,39,31-40,1,No
2403,1668,25,0,0,36,31-40,1,Yes
2404,1048,19,48,0,39,41-50,1,No
2405,1973,31,7,0,38,21-30,2,Yes
2406,16495,250,39,0,34,21-30,1,No
2407,7385,128,310,1,37,31-40,1,Yes
2409,2085,56,77,0,38,41-50,1,No
2412,1988,51,69,0,29,51-60,2,No
2413,1120,37,49,0,30,31-40,2,No
2415,1645,44,58,0,28,21-30,2,No
2416,3645,73,47,0,28,41-50,2,No
2418,6813,153,124,0,20,21-30,2,No
2419,1588,23,0,0,32,31-40,1,Yes
2421,1793,23,7,0,35,21-30,2,Yes
2422,4560,71,7,0,39,21-30,1,No
2423,2643,60,334,0,38,21-30,2,No
2424,4388,66,7,0,39,16-20,2,No
2425,2583,58,7,0,39,16-20,2,No
2426,965,22,4,0,19,21-30,2,Yes
2427,2550,39,260,0,39,31-40,1,No
2428,9305,121,119,0,38,31-40,1,No
2429,580,7,19,0,26,21-30,2,Yes
2431,6108,95,7,0,39,21-30,2,No
2432,2428,54,7,1,39,31-40,1,Yes
2435,1065,14,7,0,38,21-30,2,No
2436,1478,24,0,0,36,31-40,1,Yes
2437,7698,127,359,0,38,21-30,2,No
2438,11655,154,7,0,38,31-40,2,No
2439,6908,75,83,0,38,21-30,2,No
2440,1145,47,7,1,34,21-30,2,No
2441,10625,93,7,0,37,41-50,2,No
2442,6008,98,7,0,37,21-30,2,No
2443,1163,34,12,0,27,21-30,1,Yes
2444,3180,41,7,0,36,31-40,1,No
2445,2458,44,9,0,37,31-40,2,No
2446,1858,25,7,0,37,31-40,2,No
2447,985,15,3,0,17,21-30,1,Yes
2449,7155,116,246,0,35,21-30,1,No
2450,3908,82,7,0,37,21-30,1,No
2451,1855,44,13,0,36,31-40,2,No
2453,1275,14,0,0,15,21-30,1,Yes
2454,1758,39,7,0,27,41-50,1,No
2455,1423,22,0,0,36,31-40,2,Yes
2456,1363,19,0,0,34,31-40,1,Yes
2457,3415,61,7,0,26,31-40,2,No
2459,6583,141,60,0,18,16-20,1,No
2460,9123,171,48,0,16,41-50,1,No
2461,1363,19,0,0,34,31-40,2,Yes
2462,1333,38,0,0,36,31-40,1,Yes
2463,813,12,23,0,41,31-40,1,No
2466,2855,46,301,0,40,31-40,1,No
2467,9610,128,160,0,39,31-40,2,No
2468,903,20,26,0,44,51-60,1,Yes
2470,1303,16,0,0,32,31-40,1,Yes
2471,15635,232,70,1,40,31-40,1,No
2472,3590,34,499,0,40,31-40,2,No
2473,688,10,14,0,38,21-30,1,Yes
2474,1033,12,10,0,35,21-30,1,Yes
2475,1110,26,0,0,24,21-30,2,Yes
2476,1205,21,29,0,40,31-40,2,No
2477,495,7,16,0,39,21-30,1,No
2479,11960,161,27,0,39,41-50,2,No
2481,1450,54,32,1,35,31-40,2,No
2482,10930,100,17,0,38,51-60,2,No
2485,2763,51,50,1,38,21-30,2,Yes
2486,1353,21,19,0,39,51-60,2,Yes
2488,1123,14,25,0,38,41-50,2,No
2492,2160,51,54,0,37,31-40,1,No
2493,3275,60,191,0,38,21-30,1,No
2495,2063,46,46,0,28,51-60,2,No
2496,1195,32,26,0,29,31-40,2,No
2497,1320,17,37,0,28,41-50,1,No
2498,520,4,14,0,24,21-30,2,Yes
2499,3720,68,24,0,27,31-40,2,No
2500,2190,33,44,0,20,31-40,2,No
2501,520,4,14,0,24,41-50,1,Yes
2503,3347,52,47,0,18,31-40,1,No
2504,590,38,4,0,29,21-30,1,Yes
2505,438,8,7,0,38,31-40,2,Yes
2507,2568,65,357,0,39,31-40,2,No
2508,4313,71,0,0,40,16-20,2,No
2509,2508,63,0,0,40,21-30,2,No
2511,2475,44,283,0,40,31-40,2,No
2512,9230,126,142,0,39,31-40,2,No
2513,13888,174,0,0,40,31-40,2,No
2514,405,8,6,0,36,21-30,1,Yes
2515,2353,59,6,1,40,31-40,2,No
2516,15255,230,52,0,40,31-40,2,No
2517,405,8,6,0,36,21-30,1,Yes
2518,15600,187,148,0,39,21-30,2,No
2519,990,19,0,0,39,21-30,2,No
2520,825,19,11,0,40,31-40,1,No
2521,7623,132,382,0,39,31-40,2,No
2522,1070,52,14,1,35,31-40,2,No
2524,5933,103,24,0,38,21-30,1,No
2525,805,20,0,0,22,16-20,1,Yes
2529,6900,102,12,0,35,51-60,1,No
2530,743,12,7,0,38,41-50,1,No
2531,453,9,2,0,38,51-60,2,No
2534,3833,87,0,0,38,31-40,2,No
2535,1780,49,36,0,37,31-40,2,No
2537,1015,10,7,0,27,41-50,1,Yes
2538,1683,44,28,0,28,51-60,2,No
2541,1340,37,17,0,27,21-30,2,No
2543,1810,31,26,0,20,31-40,2,No
2545,700,19,2,0,22,21-30,2,Yes
2547,623,5,6,0,36,21-30,1,No
2548,2758,60,358,0,34,21-30,1,No
2549,4080,82,31,0,35,31-40,1,No
2551,9420,121,143,0,34,31-40,2,No
2552,14078,169,0,0,35,31-40,2,No
2553,6223,95,6,0,35,21-30,1,No
2556,15790,182,149,0,34,21-30,2,No
2557,875,14,0,0,37,21-30,1,Yes
2558,1180,14,0,0,34,21-30,2,No
2560,7813,127,383,0,34,21-30,2,No
2562,875,8,0,0,32,21-30,1,Yes
2563,1260,47,15,1,30,21-30,1,No
2564,10740,93,0,0,33,41-50,1,No
2565,6123,98,25,0,33,21-30,2,No
2566,740,18,1,0,20,21-30,2,Yes
2567,2573,44,33,0,33,31-40,1,No
2569,1973,25,0,0,33,31-40,2,No
2570,7090,97,13,0,30,41-50,1,No
2571,643,16,19,0,43,51-60,1,Yes
2572,643,4,3,0,33,51-60,2,No
2574,4023,82,1,0,33,21-30,2,No
2575,1970,44,37,0,32,31-40,2,No
2578,1873,39,29,0,23,41-50,2,No
2579,1005,25,9,0,24,21-30,2,No
2580,1363,25,1,0,39,41-50,1,Yes
2581,1530,32,18,0,22,21-30,2,No
2583,3157,45,30,0,13,31-40,1,No
2584,760,8,0,0,36,21-30,2,Yes
2585,623,17,22,0,46,31-40,2,No
2586,2758,72,374,0,44,31-40,2,No
2587,2698,70,17,0,45,21-30,1,No
2588,680,9,0,0,15,21-30,1,Yes
2589,2665,51,300,0,45,41-50,2,No
2590,9420,133,159,0,44,31-40,2,No
2591,14078,181,15,0,45,31-40,1,No
2592,4820,95,17,0,45,41-50,1,No
2593,660,16,0,0,17,21-30,1,Yes
2594,530,6,2,0,35,31-40,2,Yes
2595,510,24,1,0,27,21-30,2,Yes
2596,15790,194,165,0,44,31-40,2,No
2597,6805,98,201,0,44,41-50,2,No
2598,1180,26,15,0,44,31-40,1,No
2599,1015,26,28,0,45,31-40,2,No
2600,7813,139,399,0,44,31-40,2,No
2601,11770,166,26,0,44,41-50,2,No
2603,1260,59,31,1,40,31-40,1,No
2605,520,4,6,0,19,41-50,1,Yes
2606,3145,34,15,0,41,41-50,1,No
2607,3295,53,24,1,42,31-40,2,No
2608,2573,56,49,1,43,41-50,1,Yes
2610,1973,37,15,0,43,41-50,1,No
2611,7090,109,29,0,40,51-60,2,No
2612,585,19,0,0,26,21-30,2,Yes
2614,16380,250,15,0,38,21-30,1,No
2615,7270,128,286,0,41,31-40,2,No
2616,535,35,0,0,30,21-30,1,Yes
2617,1970,56,53,0,42,41-50,2,No
2618,3085,65,190,0,43,31-40,1,No
2620,1873,51,45,0,33,51-60,1,No
2622,1130,22,36,0,33,41-50,1,No
2624,663,23,2,0,24,41-50,1,Yes
2625,9237,183,88,0,22,51-60,2,No
2626,3157,57,46,0,23,41-50,1,No
2629,455,2,0,0,34,21-30,2,Yes
2630,3468,77,374,0,40,31-40,2,No
2631,5213,83,16,0,41,16-20,1,No
2632,4790,99,47,0,41,31-40,2,No
2633,3375,56,300,0,41,41-50,2,No
2635,5530,100,17,0,41,41-50,2,No
2636,6933,112,22,0,41,31-40,2,No
2639,4110,44,498,0,41,41-50,2,No
2640,16500,199,165,0,40,21-30,1,No
2642,1890,31,15,0,40,21-30,1,No
2643,1725,31,28,0,41,31-40,2,No
2644,8523,144,399,0,40,31-40,1,No
2645,12480,171,26,0,40,41-50,1,No
2646,7733,92,123,0,40,21-30,1,No
2647,1970,64,31,1,36,31-40,2,No
2648,6833,115,41,0,39,31-40,1,No
2649,4005,58,24,1,38,31-40,2,Yes
2651,1148,19,15,0,39,31-40,1,No
2652,2683,42,15,0,39,41-50,2,No
2653,7800,114,29,0,36,51-60,2,No
2654,7980,133,286,0,37,31-40,1,No
2655,3795,70,190,0,39,21-30,2,No
2656,2583,56,45,0,29,51-60,1,No
2657,1715,42,25,1,30,31-40,2,No
2658,1840,27,36,0,29,41-50,2,No
2659,2240,49,34,0,28,21-30,2,No
2660,4240,78,23,0,28,31-40,2,No
2661,2710,43,43,0,21,31-40,2,No
2662,7407,158,100,0,20,21-30,1,No
2663,3867,62,46,0,19,31-40,2,No
2664,3965,66,0,0,39,31-40,2,No
2665,2048,55,341,0,38,31-40,2,No
2666,3793,61,0,0,39,16-20,2,No
2668,3370,77,14,0,39,31-40,2,No
2669,1955,34,267,0,39,31-40,1,No
2670,8710,116,126,0,38,31-40,2,No
2672,5513,90,0,0,39,31-40,2,No
2673,14735,220,36,0,39,31-40,2,No
2674,15080,177,132,0,38,21-30,2,No
2676,470,9,0,0,38,21-30,1,No
2677,11060,149,0,0,38,41-50,2,No
2679,5413,93,8,0,37,21-30,1,No
2680,2435,17,0,0,35,31-40,1,No
2683,1263,20,0,0,37,41-50,1,No
2684,6380,92,0,0,34,51-60,2,No
2685,15670,233,0,1,32,21-30,1,No
2686,3313,77,0,0,37,31-40,2,No
2687,1260,39,20,0,36,31-40,1,No
2688,2375,48,157,0,37,21-30,1,No
2689,420,5,3,0,27,41-50,2,No
2690,2820,56,0,0,26,31-40,2,No
2691,1290,21,10,0,19,21-30,1,No
2692,5987,136,67,0,18,21-30,1,No
2693,8527,166,55,0,16,51-60,2,No
2696,623,11,14,0,41,31-40,1,No
2697,2758,66,366,0,39,31-40,1,No
2699,2665,45,292,0,40,31-40,1,No
2700,9420,127,151,0,39,31-40,2,No
2701,14078,175,7,0,40,31-40,2,No
2704,3400,33,490,0,40,31-40,2,No
2705,15790,188,157,0,39,21-30,1,No
2706,6805,92,193,0,39,31-40,1,No
2707,1180,20,7,0,39,21-30,2,No
2708,1015,20,20,0,40,31-40,1,No
2710,11770,160,18,0,39,41-50,2,No
2713,6123,104,33,0,38,21-30,2,No
2714,3145,28,7,0,36,31-40,2,No
2716,438,8,7,0,38,31-40,2,No
2721,1970,50,45,0,37,31-40,2,No
2722,3085,59,182,0,38,21-30,2,No
2723,1620,42,200,0,29,31-40,2,No
2724,1873,45,37,0,28,51-60,1,No
2725,1130,16,28,0,28,41-50,2,No
2726,1530,38,26,0,27,21-30,1,No
2727,3530,67,15,0,27,31-40,1,No
2728,2000,32,35,0,20,31-40,2,No
2729,6697,147,92,0,19,21-30,2,No
2730,9237,177,80,0,17,51-60,2,No
2731,623,11,14,0,41,31-40,1,No
2732,2758,66,366,0,39,31-40,1,No
2733,4503,72,8,0,40,16-20,1,No
2735,4080,88,39,0,40,31-40,2,No
2736,2665,45,292,0,40,31-40,1,No
2737,9420,127,151,0,39,31-40,2,No
2739,6223,101,14,0,40,31-40,1,No
2740,2543,60,15,0,40,31-40,2,No
2741,15445,231,61,0,40,31-40,1,No
2742,15790,188,157,0,39,21-30,1,No
2743,1180,20,7,0,39,21-30,1,No
2744,1015,20,20,0,40,31-40,1,No
2746,11770,160,18,0,39,41-50,1,No
2747,7023,81,115,0,39,21-30,2,No
2748,1260,53,23,1,35,31-40,2,No
2749,3145,28,7,0,36,31-40,2,No
2752,438,8,7,0,38,31-40,2,No
2754,933,13,16,1,38,41-50,1,No
2755,643,10,11,0,38,51-60,2,No
2756,16380,244,7,0,33,21-30,2,No
2757,4023,88,9,0,38,31-40,2,No
2758,1970,50,45,0,37,31-40,1,No
2759,1873,45,37,0,28,51-60,2,No
2760,1005,31,17,0,29,31-40,1,No
2761,1130,16,28,0,28,41-50,2,No
2766,3157,51,38,0,18,31-40,2,No
